Zone,Année,Population
Afghanistan,2013,32269589.0
Afghanistan,2014,33370794.0
Afghanistan,2015,34413603.0
Afghanistan,2016,35383032.0
Afghanistan,2017,36296113.0
Afghanistan,2018,37171921.0
Afrique Du Sud,2013,53687121.0
Afrique Du Sud,2014,54544186.0
Afrique Du Sud,2015,55386367.0
Afrique Du Sud,2016,56207645.99999999
Afrique Du Sud,2017,57009756.0
Afrique Du Sud,2018,57792518.0
Albanie,2013,2903790.0
Albanie,2014,2896305.0
Albanie,2015,2890513.0
Albanie,2016,2886438.0
Albanie,2017,2884169.000000001
Albanie,2018,2882740.0
Algérie,2013,38140133.0
Algérie,2014,38923692.0
Algérie,2015,39728025.0
Algérie,2016,40551392.0
Algérie,2017,41389189.0
Algérie,2018,42228408.0
Allemagne,2013,81174367.0
Allemagne,2014,81450378.0
Allemagne,2015,81787411.0
Allemagne,2016,82193768.0
Allemagne,2017,82658409.0
Allemagne,2018,83124418.0
Andorre,2013,80774.0
Andorre,2014,79213.00000000003
Andorre,2015,78011.00000000003
Andorre,2016,77297.0
Andorre,2017,77001.0
Andorre,2018,77006.0
Angola,2013,26015781.000000007
Angola,2014,26941779.0
Angola,2015,27884381.0
Angola,2016,28842489.0
Angola,2017,29816766.0
Angola,2018,30809787.0
Anguilla,2013,13954.0
Anguilla,2014,14112.0
Anguilla,2015,14279.000000000002
Anguilla,2016,14429.0
Anguilla,2017,14584.0
Anguilla,2018,14731.0
Antigua-Et-Barbuda,2013,91516.0
Antigua-Et-Barbuda,2014,92562.0
Antigua-Et-Barbuda,2015,93566.0
Antigua-Et-Barbuda,2016,94527.0
Antigua-Et-Barbuda,2017,95426.0
Antigua-Et-Barbuda,2018,96286.0
Antilles Néerlandaises (Ex),2013,263872.0
Antilles Néerlandaises (Ex),2014,267006.0
Antilles Néerlandaises (Ex),2015,269936.0
Antilles Néerlandaises (Ex),2016,272693.0
Antilles Néerlandaises (Ex),2017,275186.0
Antilles Néerlandaises (Ex),2018,277483.0
Arabie Saoudite,2013,30052059.0
Arabie Saoudite,2014,30916597.0
Arabie Saoudite,2015,31717667.0
Arabie Saoudite,2016,32443447.0
Arabie Saoudite,2017,33101178.999999996
Arabie Saoudite,2018,33702756.0
Argentine,2013,42196030.0
Argentine,2014,42637511.0
Argentine,2015,43075416.0
Argentine,2016,43508460.0
Argentine,2017,43937140.0
Argentine,2018,44361150.0
Arménie,2013,2897588.0
Arménie,2014,2912409.0
Arménie,2015,2925553.0
Arménie,2016,2936143.0
Arménie,2017,2944791.0
Arménie,2018,2951745.0
Aruba,2013,103159.0
Aruba,2014,103774.0
Aruba,2015,104341.0
Aruba,2016,104872.0
Aruba,2017,105366.0
Aruba,2018,105845.0
Australie,2013,23254913.0
Australie,2014,23596424.0
Australie,2015,23932502.0
Australie,2016,24262712.000000004
Australie,2017,24584620.0
Australie,2018,24898152.0
Autriche,2013,8556189.0
Autriche,2014,8615214.0
Autriche,2015,8678660.0
Autriche,2016,8747301.0
Autriche,2017,8819901.0
Autriche,2018,8891388.0
Azerbaïdjan,2013,9385468.0
Azerbaïdjan,2014,9505622.0
Azerbaïdjan,2015,9622745.0
Azerbaïdjan,2016,9736043.0
Azerbaïdjan,2017,9845320.0
Azerbaïdjan,2018,9949537.0
Bahamas,2013,367169.0
Bahamas,2014,370633.0
Bahamas,2015,374206.0
Bahamas,2016,377930.0
Bahamas,2017,381755.0
Bahamas,2018,385637.0
Bahreïn,2013,1315027.9999999998
Bahreïn,2014,1336075.0
Bahreïn,2015,1371851.0
Bahreïn,2016,1425792.0
Bahreïn,2017,1494076.0
Bahreïn,2018,1569446.0
Bangladesh,2013,152761418.0
Bangladesh,2014,154517381.99999997
Bangladesh,2015,156256275.99999997
Bangladesh,2016,157977153.00000003
Bangladesh,2017,159685424.0
Bangladesh,2018,161376708.0
Barbade,2013,284296.0
Barbade,2014,284826.0
Barbade,2015,285324.0
Barbade,2016,285796.0
Barbade,2017,286232.0
Barbade,2018,286641.0
Bélarus,2013,9423506.0
Bélarus,2014,9431735.0
Bélarus,2015,9439423.0
Bélarus,2016,9445643.0
Bélarus,2017,9450231.0
Bélarus,2018,9452617.0
Belgique,2013,11154008.999999998
Belgique,2014,11221231.000000002
Belgique,2015,11287940.0
Belgique,2016,11354420.0
Belgique,2017,11419748.0
Belgique,2018,11482178.0
Belize,2013,345715.0
Belize,2014,353366.0
Belize,2015,360933.0000000001
Belize,2016,368400.0
Belize,2017,375769.0
Belize,2018,383071.0
Bénin,2013,10004591.0
Bénin,2014,10286844.0
Bénin,2015,10575952.0
Bénin,2016,10872063.0
Bénin,2017,11175198.0
Bénin,2018,11485044.0
Bermudes,2013,64386.00000000001
Bermudes,2014,64033.0
Bermudes,2015,63692.0
Bermudes,2016,63362.0
Bermudes,2017,63049.0
Bermudes,2018,62756.0
Bhoutan,2013,710237.0
Bhoutan,2014,719055.0
Bhoutan,2015,727876.0000000002
Bhoutan,2016,736708.0000000002
Bhoutan,2017,745563.0
Bhoutan,2018,754388.0
Bolivie (État Plurinational De),2013,10542377.0
Bolivie (État Plurinational De),2014,10706517.0
Bolivie (État Plurinational De),2015,10869730.0
Bolivie (État Plurinational De),2016,11031813.999999996
Bolivie (État Plurinational De),2017,11192855.0
Bolivie (État Plurinational De),2018,11353142.0
"Bonaire, Saint-Eustache Et Saba",2013,23505.0
"Bonaire, Saint-Eustache Et Saba",2014,24070.0
"Bonaire, Saint-Eustache Et Saba",2015,24570.0
"Bonaire, Saint-Eustache Et Saba",2016,25020.0
"Bonaire, Saint-Eustache Et Saba",2017,25401.0
"Bonaire, Saint-Eustache Et Saba",2018,25711.0
Bosnie-Herzégovine,2013,3542606.0
Bosnie-Herzégovine,2014,3482105.0
Bosnie-Herzégovine,2015,3429361.0
Bosnie-Herzégovine,2016,3386266.0
Bosnie-Herzégovine,2017,3351525.0
Bosnie-Herzégovine,2018,3323925.0
Botswana,2013,2062547.9999999998
Botswana,2014,2088618.0
Botswana,2015,2120716.0
Botswana,2016,2159927.0
Botswana,2017,2205080.0
Botswana,2018,2254068.0
Brésil,2013,201035912.0
Brésil,2014,202763739.0
Brésil,2015,204471769.0
Brésil,2016,206163053.0
Brésil,2017,207833823.0
Brésil,2018,209469323.0
Brunéi Darussalam,2013,404421.0
Brunéi Darussalam,2014,409769.0
Brunéi Darussalam,2015,414907.0
Brunéi Darussalam,2016,419800.0
Brunéi Darussalam,2017,424473.0
Brunéi Darussalam,2018,428963.0
Bulgarie,2013,7290088.000000002
Bulgarie,2014,7245646.0
Bulgarie,2015,7199741.0
Bulgarie,2016,7151953.0
Bulgarie,2017,7102444.0
Bulgarie,2018,7051608.0
Burkina Faso,2013,17072785.0
Burkina Faso,2014,17586030.0
Burkina Faso,2015,18110624.0
Burkina Faso,2016,18646357.0
Burkina Faso,2017,19193234.0
Burkina Faso,2018,19751466.0
Burundi,2013,9540291.0
Burundi,2014,9844299.0
Burundi,2015,10160030.0
Burundi,2016,10487995.0
Burundi,2017,10827018.999999998
Burundi,2018,11175374.0
Cabo Verde,2013,511748.0000000001
Cabo Verde,2014,518270.99999999994
Cabo Verde,2015,524743.0
Cabo Verde,2016,531146.0
Cabo Verde,2017,537498.0
Cabo Verde,2018,543766.9999999998
Cambodge,2013,15026332.0
Cambodge,2014,15274503.0
Cambodge,2015,15521436.000000004
Cambodge,2016,15766292.0
Cambodge,2017,16009409.0
Cambodge,2018,16249792.0
Cameroun,2013,22077294.0
Cameroun,2014,22681852.000000007
Cameroun,2015,23298368.0
Cameroun,2016,23926551.0
Cameroun,2017,24566073.0
Cameroun,2018,25216267.000000004
Canada,2013,35296528.0
Canada,2014,35664337.0
Canada,2015,36026676.0
Canada,2016,36382944.0
Canada,2017,36732095.0
Canada,2018,37074562.000000015
Chili,2013,17571506.999999996
Chili,2014,17758959.0
Chili,2015,17969353.0
Chili,2016,18209068.0
Chili,2017,18470439.0
Chili,2018,18729160.0
Chine - Ras De Hong-Kong,2013,7088778.0
Chine - Ras De Hong-Kong,2014,7134670.0
Chine - Ras De Hong-Kong,2015,7185996.0
Chine - Ras De Hong-Kong,2016,7243541.999999997
Chine - Ras De Hong-Kong,2017,7306321.999999999
Chine - Ras De Hong-Kong,2018,7371730.0
Chine - Ras De Macao,2013,577372.0
Chine - Ras De Macao,2014,590208.0000000002
Chine - Ras De Macao,2015,602085.0
Chine - Ras De Macao,2016,612836.0
Chine - Ras De Macao,2017,622585.0
Chine - Ras De Macao,2018,631636.0
"Chine, Continentale",2013,1391883330.0
"Chine, Continentale",2014,1399453965.0
"Chine, Continentale",2015,1406847870.0
"Chine, Continentale",2016,1414049351.0
"Chine, Continentale",2017,1421021791.0
"Chine, Continentale",2018,1427647785.9999995
"Chine, Taiwan Province De",2013,23421582.0
"Chine, Taiwan Province De",2014,23491976.0
"Chine, Taiwan Province De",2015,23557477.000000007
"Chine, Taiwan Province De",2016,23618200.0
"Chine, Taiwan Province De",2017,23674546.0
"Chine, Taiwan Province De",2018,23726460.0
Chypre,2013,1143866.0
Chypre,2014,1152285.0
Chypre,2015,1160985.0
Chypre,2016,1170187.0
Chypre,2017,1179678.0
Chypre,2018,1189265.0
Colombie,2013,46495493.0
Colombie,2014,46967696.0
Colombie,2015,47520667.0
Colombie,2016,48175052.0
Colombie,2017,48909839.00000001
Colombie,2018,49661048.0
Comores,2013,741505.0
Comores,2014,759390.0
Comores,2015,777424.0
Comores,2016,795592.0
Comores,2017,813891.9999999998
Comores,2018,832322.0
Congo,2013,4622762.0
Congo,2014,4736976.0
Congo,2015,4856095.0
Congo,2016,4980996.0
Congo,2017,5110695.0
Congo,2018,5244359.0
Costa Rica,2013,4742107.0
Costa Rica,2014,4795396.0
Costa Rica,2015,4847804.0
Costa Rica,2016,4899345.0
Costa Rica,2017,4949954.000000002
Costa Rica,2018,4999441.0
Côte D'Ivoire,2013,22087504.0
Côte D'Ivoire,2014,22647684.0
Côte D'Ivoire,2015,23226143.0
Côte D'Ivoire,2016,23822714.0
Côte D'Ivoire,2017,24437470.0
Côte D'Ivoire,2018,25069230.0
Croatie,2013,4276598.0
Croatie,2014,4255512.0
Croatie,2015,4232874.0
Croatie,2016,4208602.0
Croatie,2017,4182857.0
Croatie,2018,4156404.9999999995
Cuba,2013,11282723.0
Cuba,2014,11306904.0
Cuba,2015,11324781.0
Cuba,2016,11335104.0
Cuba,2017,11339254.0
Cuba,2018,11338133.999999998
Curaçao,2013,156793.99999999994
Curaçao,2014,158422.0
Curaçao,2015,159847.0
Curaçao,2016,161052.00000000006
Curaçao,2017,161997.0
Curaçao,2018,162752.0
Danemark,2013,5638145.0
Danemark,2014,5664196.0
Danemark,2015,5688695.0
Danemark,2016,5711349.0
Danemark,2017,5732274.0
Danemark,2018,5752126.0
Djibouti,2013,883293.0
Djibouti,2014,898695.0
Djibouti,2015,913993.0
Djibouti,2016,929112.0
Djibouti,2017,944099.0
Djibouti,2018,958923.0
Dominique,2013,71016.0
Dominique,2014,71085.0
Dominique,2015,71183.0
Dominique,2016,71307.0
Dominique,2017,71458.0
Dominique,2018,71625.0
Égypte,2013,88404646.0
Égypte,2014,90424656.0
Égypte,2015,92442547.0
Égypte,2016,94447073.0
Égypte,2017,96442591.0
Égypte,2018,98423598.0
El Salvador,2013,6266070.0
El Salvador,2014,6295128.000000002
El Salvador,2015,6325124.0
El Salvador,2016,6356143.0
El Salvador,2017,6388126.0
El Salvador,2018,6420746.0
Émirats Arabes Unis,2013,9197910.0
Émirats Arabes Unis,2014,9214175.0
Émirats Arabes Unis,2015,9262900.0
Émirats Arabes Unis,2016,9360980.0
Émirats Arabes Unis,2017,9487203.0
Émirats Arabes Unis,2018,9630959.0
Équateur,2013,15707473.999999998
Équateur,2014,15951840.0
Équateur,2015,16212020.0
Équateur,2016,16491116.000000002
Équateur,2017,16785361.0
Équateur,2018,17084358.0
Érythrée,2013,3281449.0
Érythrée,2014,3311449.0
Érythrée,2015,3342818.0
Érythrée,2016,3376557.0
Érythrée,2017,3412893.0
Érythrée,2018,3452786.0
Espagne,2013,46930555.0
Espagne,2014,46777925.0
Espagne,2015,46671926.0
Espagne,2016,46634140.0
Espagne,2017,46647428.0
Espagne,2018,46692858.0
Estonie,2013,1319062.0
Estonie,2014,1316277.0
Estonie,2015,1315325.0
Estonie,2016,1316510.0
Estonie,2017,1319390.0
Estonie,2018,1322920.0
Eswatini,2013,1086843.0
Eswatini,2014,1095019.0
Eswatini,2015,1104044.0
Eswatini,2016,1113997.0
Eswatini,2017,1124805.0
Eswatini,2018,1136281.0
États-Unis D'Amérique,2013,316400538.0
États-Unis D'Amérique,2014,318673411.0
États-Unis D'Amérique,2015,320878310.0
États-Unis D'Amérique,2016,323015995.0
États-Unis D'Amérique,2017,325084756.0
États-Unis D'Amérique,2018,327096265.0
Éthiopie,2013,95385798.0
Éthiopie,2014,98094265.0
Éthiopie,2015,100835458.0
Éthiopie,2016,103603462.0
Éthiopie,2017,106399924.0
Éthiopie,2018,109224414.0
Fédération De Russie,2013,144325449.0
Fédération De Russie,2014,144664841.0
Fédération De Russie,2015,144985057.0
Fédération De Russie,2016,145275383.0
Fédération De Russie,2017,145530082.0
Fédération De Russie,2018,145734038.0
Fidji,2013,865608.0000000002
Fidji,2014,866453.0
Fidji,2015,868627.0
Fidji,2016,872398.9999999999
Fidji,2017,877459.0
Fidji,2018,883483.0000000002
Finlande,2013,5438982.0
Finlande,2014,5461411.0
Finlande,2015,5481121.999999999
Finlande,2016,5497713.000000002
Finlande,2017,5511371.0
Finlande,2018,5522576.0
France,2013,63893525.0
France,2014,64193550.0
France,2015,64453200.0
France,2016,64667596.0
France,2017,64842509.000000015
France,2018,64990511.0
Gabon,2013,1817071.0
Gabon,2014,1883800.0
Gabon,2015,1947686.0
Gabon,2016,2007873.0
Gabon,2017,2064822.9999999998
Gabon,2018,2119275.0
Gambie,2013,1963712.0
Gambie,2014,2024042.0
Gambie,2015,2085860.0000000002
Gambie,2016,2149136.0
Gambie,2017,2213889.0
Gambie,2018,2280094.0
Géorgie,2013,4048701.0
Géorgie,2014,4035311.0
Géorgie,2015,4024183.0
Géorgie,2016,4015450.0
Géorgie,2017,4008716.0
Géorgie,2018,4002942.0
Ghana,2013,26607645.0
Ghana,2014,27224473.0
Ghana,2015,27849205.0
Ghana,2016,28481945.0
Ghana,2017,29121465.0
Ghana,2018,29767102.000000007
Gibraltar,2013,33692.0
Gibraltar,2014,33725.0
Gibraltar,2015,33736.0
Gibraltar,2016,33736.99999999999
Gibraltar,2017,33728.0
Gibraltar,2018,33718.0
Grèce,2013,10740500.0
Grèce,2014,10701456.0
Grèce,2015,10659750.0
Grèce,2016,10615185.0
Grèce,2017,10569450.0
Grèce,2018,10522246.0
Grenade,2013,108170.0
Grenade,2014,108902.0
Grenade,2015,109599.0
Grenade,2016,110261.0
Grenade,2017,110874.0
Grenade,2018,111454.0
Groenland,2013,56414.0
Groenland,2014,56381.0
Groenland,2015,56377.0
Groenland,2016,56412.0
Groenland,2017,56481.0
Groenland,2018,56563.99999999999
Guadeloupe,2013,402829.0
Guadeloupe,2014,401314.0
Guadeloupe,2015,400255.0
Guadeloupe,2016,399763.0
Guadeloupe,2017,399672.0
Guadeloupe,2018,399848.0
Guam,2013,160407.0
Guam,2014,161016.0
Guam,2015,161852.99999999994
Guam,2016,162951.0
Guam,2017,164280.99999999994
Guam,2018,165768.0
Guatemala,2013,15595816.0
Guatemala,2014,15923236.0
Guatemala,2015,16252428.999999998
Guatemala,2016,16583076.0
Guatemala,2017,16914970.0
Guatemala,2018,17247849.0
Guinée,2013,10892817.0
Guinée,2014,11150982.0
Guinée,2015,11432088.0
Guinée,2016,11738428.999999998
Guinée,2017,12067518.999999998
Guinée,2018,12414293.0
Guinée Équatoriale,2013,1076413.0
Guinée Équatoriale,2014,1122277.0
Guinée Équatoriale,2015,1168568.0
Guinée Équatoriale,2016,1215180.0
Guinée Équatoriale,2017,1262002.0
Guinée Équatoriale,2018,1308975.0
Guinée-Bissau,2013,1648255.0
Guinée-Bissau,2014,1692437.0
Guinée-Bissau,2015,1737202.0000000002
Guinée-Bissau,2016,1782438.0
Guinée-Bissau,2017,1828145.0
Guinée-Bissau,2018,1874303.0
Guyana,2013,759285.0
Guyana,2014,763380.0
Guyana,2015,767432.0
Guyana,2016,771368.0
Guyana,2017,775222.0
Guyana,2018,779006.0000000002
Guyane Française,2013,249054.0
Guyane Française,2014,254773.0
Guyane Française,2015,260999.00000000003
Guyane Française,2016,267821.0
Guyane Française,2017,275191.0
Guyane Française,2018,282938.0
Haïti,2013,10400675.0
Haïti,2014,10549008.999999998
Haïti,2015,10695542.0
Haïti,2016,10839970.0
Haïti,2017,10982366.000000002
Haïti,2018,11123178.0
Honduras,2013,8798521.0
Honduras,2014,8955589.0
Honduras,2015,9112916.0
Honduras,2016,9270795.0
Honduras,2017,9429013.0
Honduras,2018,9587522.0
Hongrie,2013,9833923.0
Hongrie,2014,9804991.0
Hongrie,2015,9777923.0
Hongrie,2016,9752975.0
Hongrie,2017,9729823.0
Hongrie,2018,9707499.0
Île De Man,2013,83976.0
Île De Man,2014,83488.0
Île De Man,2015,83234.0
Île De Man,2016,83287.0
Île De Man,2017,83598.0
Île De Man,2018,84077.00000000001
Îles Anglo-Normandes,2013,163037.99999999994
Îles Anglo-Normandes,2014,164100.0
Îles Anglo-Normandes,2015,165385.0
Îles Anglo-Normandes,2016,166923.0
Îles Anglo-Normandes,2017,168665.0
Îles Anglo-Normandes,2018,170499.00000000006
Îles Caïmanes,2013,59932.0
Îles Caïmanes,2014,60848.0
Îles Caïmanes,2015,61724.0
Îles Caïmanes,2016,62569.0
Îles Caïmanes,2017,63382.0
Îles Caïmanes,2018,64173.99999999999
Îles Cook,2013,17833.0
Îles Cook,2014,17691.0
Îles Cook,2015,17586.0
Îles Cook,2016,17524.0
Îles Cook,2017,17507.0
Îles Cook,2018,17518.0
Îles Falkland (Malvinas),2013,2794.0
Îles Falkland (Malvinas),2014,2792.0
Îles Falkland (Malvinas),2015,2834.0
Îles Falkland (Malvinas),2016,2928.0
Îles Falkland (Malvinas),2017,3068.0
Îles Falkland (Malvinas),2018,3234.0
Îles Féroé,2013,47892.0
Îles Féroé,2014,47960.0
Îles Féroé,2015,48051.0
Îles Féroé,2016,48173.0
Îles Féroé,2017,48331.0
Îles Féroé,2018,48497.0
Îles Mariannes Du Nord,2013,54784.0
Îles Mariannes Du Nord,2014,55305.0
Îles Mariannes Du Nord,2015,55780.0
Îles Mariannes Du Nord,2016,56188.0
Îles Mariannes Du Nord,2017,56562.0
Îles Mariannes Du Nord,2018,56882.0
Îles Marshall,2013,56938.0
Îles Marshall,2014,57179.0
Îles Marshall,2015,57438.99999999999
Îles Marshall,2016,57735.0
Îles Marshall,2017,58058.0
Îles Marshall,2018,58413.0
Îles Salomon,2013,571336.0
Îles Salomon,2014,587079.0000000002
Îles Salomon,2015,603118.0
Îles Salomon,2016,619438.0
Îles Salomon,2017,636039.0
Îles Salomon,2018,652857.0
Îles Turques-Et-Caïques,2013,34731.0
Îles Turques-Et-Caïques,2014,35369.0
Îles Turques-Et-Caïques,2015,35981.0
Îles Turques-Et-Caïques,2016,36559.0
Îles Turques-Et-Caïques,2017,37115.0
Îles Turques-Et-Caïques,2018,37665.0
Îles Vierges Américaines,2013,105303.0
Îles Vierges Américaines,2014,105114.0
Îles Vierges Américaines,2015,104958.0
Îles Vierges Américaines,2016,104835.0
Îles Vierges Américaines,2017,104751.0
Îles Vierges Américaines,2018,104680.0
Îles Vierges Britanniques,2013,28847.0
Îles Vierges Britanniques,2014,28989.0
Îles Vierges Britanniques,2015,29152.0
Îles Vierges Britanniques,2016,29355.0
Îles Vierges Britanniques,2017,29577.0
Îles Vierges Britanniques,2018,29802.0
Îles Wallis-Et-Futuna,2013,12356.0
Îles Wallis-Et-Futuna,2014,12340.0
Îles Wallis-Et-Futuna,2015,12265.999999999998
Îles Wallis-Et-Futuna,2016,12107.0
Îles Wallis-Et-Futuna,2017,11900.0
Îles Wallis-Et-Futuna,2018,11661.0
Inde,2013,1280842125.0
Inde,2014,1295600772.0
Inde,2015,1310152403.0
Inde,2016,1324517249.0
Inde,2017,1338676785.0
Inde,2018,1352642280.0
Indonésie,2013,251805307.0
Indonésie,2014,255128076.0
Indonésie,2015,258383256.0
Indonésie,2016,261556381.0
Indonésie,2017,264650963.0
Indonésie,2018,267670543.0
Iran (République Islamique D'),2013,76481961.0
Iran (République Islamique D'),2014,77465770.0
Iran (République Islamique D'),2015,78492215.0
Iran (République Islamique D'),2016,79563989.0
Iran (République Islamique D'),2017,80673883.0
Iran (République Islamique D'),2018,81800188.0
Iraq,2013,33157050.000000004
Iraq,2014,34411951.0
Iraq,2015,35572261.0
Iraq,2016,36610632.000000015
Iraq,2017,37552781.0
Iraq,2018,38433600.0
Irlande,2013,4615422.000000001
Irlande,2014,4626844.0
Irlande,2015,4652425.0
Irlande,2016,4695779.0
Irlande,2017,4753279.0
Irlande,2018,4818690.0
Islande,2013,327187.0
Islande,2014,328594.0
Islande,2015,330243.00000000006
Islande,2016,332206.0
Islande,2017,334393.00000000006
Islande,2018,336713.0
Israël,2013,7734840.999999998
Israël,2014,7854213.000000002
Israël,2015,7978490.0
Israël,2016,8108985.0
Israël,2017,8243848.0
Israël,2018,8381516.0
Italie,2013,60166830.0
Italie,2014,60409620.0
Italie,2015,60578494.000000015
Italie,2016,60663060.0
Italie,2017,60673701.0
Italie,2018,60627291.0
Jamaïque,2013,2858712.0
Jamaïque,2014,2875139.0
Jamaïque,2015,2891021.0
Jamaïque,2016,2906236.0
Jamaïque,2017,2920848.0
Jamaïque,2018,2934847.0
Japon,2013,128314195.0
Japon,2014,128168639.0
Japon,2015,127985133.0
Japon,2016,127763265.0
Japon,2017,127502725.0
Japon,2018,127202192.0
Jordanie,2013,8518983.0
Jordanie,2014,8918828.000000002
Jordanie,2015,9266575.0
Jordanie,2016,9554286.0
Jordanie,2017,9785843.0
Jordanie,2018,9965318.0
Kazakhstan,2013,17026117.0
Kazakhstan,2014,17302615.0
Kazakhstan,2015,17572016.0
Kazakhstan,2016,17830901.0
Kazakhstan,2017,18080019.0
Kazakhstan,2018,18319618.0
Kenya,2013,45519981.0
Kenya,2014,46700055.0
Kenya,2015,47878336.0
Kenya,2016,49051534.00000001
Kenya,2017,50221142.0
Kenya,2018,51392565.0
Kirghizistan,2013,5731303.000000001
Kirghizistan,2014,5844531.999999998
Kirghizistan,2015,5959121.0
Kirghizistan,2016,6074330.0
Kirghizistan,2017,6189733.0
Kirghizistan,2018,6304030.0
Kiribati,2013,107890.0
Kiribati,2014,109391.0
Kiribati,2015,110930.0
Kiribati,2016,112524.0
Kiribati,2017,114158.0
Kiribati,2018,115847.0
Koweït,2013,3526376.0
Koweït,2014,3690941.0
Koweït,2015,3835591.0
Koweït,2016,3956875.0
Koweït,2017,4056099.0
Koweït,2018,4137312.0
Lesotho,2013,2028530.0
Lesotho,2014,2043445.0
Lesotho,2015,2059021.0000000002
Lesotho,2016,2075030.0000000002
Lesotho,2017,2091534.0
Lesotho,2018,2108328.0
Lettonie,2013,2044957.0
Lettonie,2014,2021219.0
Lettonie,2015,1997674.0
Lettonie,2016,1974266.0
Lettonie,2017,1951097.0
Lettonie,2018,1928459.0
Liban,2013,5913022.0
Liban,2014,6261044.0
Liban,2015,6532678.000000001
Liban,2016,6714281.0
Liban,2017,6819373.000000002
Liban,2018,6859408.0
Libéria,2013,4248334.0
Libéria,2014,4359505.999999999
Libéria,2015,4472230.0
Libéria,2016,4586787.0
Libéria,2017,4702226.0
Libéria,2018,4818973.0
Libye,2013,6320360.0
Libye,2014,6362036.999999998
Libye,2015,6418315.0
Libye,2016,6492161.999999998
Libye,2017,6580724.0
Libye,2018,6678559.0
Liechtenstein,2013,36934.0
Liechtenstein,2014,37223.0
Liechtenstein,2015,37470.0
Liechtenstein,2016,37658.0
Liechtenstein,2017,37800.0
Liechtenstein,2018,37910.0
Lituanie,2013,3008934.0
Lituanie,2014,2971497.000000001
Lituanie,2015,2931880.0
Lituanie,2016,2889557.0
Lituanie,2017,2845414.0
Lituanie,2018,2801264.0
Luxembourg,2013,542560.0
Luxembourg,2014,554516.0
Luxembourg,2015,566741.0
Luxembourg,2016,579264.0
Luxembourg,2017,591910.0
Luxembourg,2018,604245.0
Macédoine Du Nord,2013,2076067.0
Macédoine Du Nord,2014,2077775.0
Macédoine Du Nord,2015,2079328.0
Macédoine Du Nord,2016,2080743.0
Macédoine Du Nord,2017,2081996.0
Macédoine Du Nord,2018,2082957.0000000007
Madagascar,2013,22961255.0
Madagascar,2014,23589888.0
Madagascar,2015,24234088.0
Madagascar,2016,24894370.0
Madagascar,2017,25570512.0
Madagascar,2018,26262313.0
Malaisie,2013,29468923.0
Malaisie,2014,29866603.0
Malaisie,2015,30270962.000000004
Malaisie,2016,30684654.0
Malaisie,2017,31104646.0
Malaisie,2018,31528033.0
Malawi,2013,15839286.0
Malawi,2014,16289552.0
Malawi,2015,16745303.0
Malawi,2016,17205261.000000004
Malawi,2017,17670196.0
Malawi,2018,18143217.0
Maldives,2013,415593.0
Maldives,2014,435015.0
Maldives,2015,454915.0
Maldives,2016,475512.0
Maldives,2017,496402.0
Maldives,2018,515696.0
Mali,2013,16449854.0
Mali,2014,16934214.0
Mali,2015,17438778.000000004
Mali,2016,17965443.0
Mali,2017,18512430.0
Mali,2018,19077749.0
Malte,2013,426151.0
Malte,2014,430197.0
Malte,2015,433559.0
Malte,2016,436097.0
Malte,2017,437933.0000000001
Malte,2018,439248.0000000001
Maroc,2013,33715703.0
Maroc,2014,34192357.0
Maroc,2015,34663603.0
Maroc,2016,35126283.0
Maroc,2017,35581255.0
Maroc,2018,36029093.0
Martinique,2013,384576.0
Martinique,2014,381138.0
Martinique,2015,378478.0
Martinique,2016,376791.0
Martinique,2017,375948.0
Martinique,2018,375673.0
Maurice,2013,1255452.0
Maurice,2014,1257355.0
Maurice,2015,1259456.0
Maurice,2016,1261865.0
Maurice,2017,1264499.0
Maurice,2018,1267185.0
Mauritanie,2013,3817494.0
Mauritanie,2014,3930896.0
Mauritanie,2015,4046301.0
Mauritanie,2016,4163532.9999999995
Mauritanie,2017,4282570.0
Mauritanie,2018,4403313.0
Mayotte,2013,227378.0
Mayotte,2014,233654.0
Mayotte,2015,240020.0
Mayotte,2016,246450.0
Mayotte,2017,252957.0
Mayotte,2018,259531.0
Mexique,2013,118827161.0
Mexique,2014,120355128.0
Mexique,2015,121858258.0
Mexique,2016,123333376.0
Mexique,2017,124777324.0
Mexique,2018,126190788.0
Micronésie (États Fédérés De),2013,105926.0
Micronésie (États Fédérés De),2014,107446.0
Micronésie (États Fédérés De),2015,108895.0
Micronésie (États Fédérés De),2016,110215.0
Micronésie (États Fédérés De),2017,111459.0
Micronésie (États Fédérés De),2018,112640.0
Monaco,2013,36901.0
Monaco,2014,37322.0
Monaco,2015,37718.0
Monaco,2016,38070.0
Monaco,2017,38392.0
Monaco,2018,38682.0
Mongolie,2013,2881791.0
Mongolie,2014,2940108.0
Mongolie,2015,2998439.000000001
Mongolie,2016,3056364.0
Mongolie,2017,3113786.0
Mongolie,2018,3170216.0
Monténégro,2013,626345.0
Monténégro,2014,626645.0
Monténégro,2015,626956.0
Monténégro,2016,627264.0
Monténégro,2017,627563.0
Monténégro,2018,627809.0
Montserrat,2013,4944.0
Montserrat,2014,4957.0
Montserrat,2015,4967.0
Montserrat,2016,4981.0
Montserrat,2017,4984.0
Montserrat,2018,4993.0
Mozambique,2013,25560755.0
Mozambique,2014,26286191.00000001
Mozambique,2015,27042002.0
Mozambique,2016,27829938.0
Mozambique,2017,28649018.0
Mozambique,2018,29496004.0
Myanmar,2013,51852468.0
Myanmar,2014,52280824.0
Myanmar,2015,52680726.0
Myanmar,2016,53045201.0
Myanmar,2017,53382523.0
Myanmar,2018,53708320.0
Namibie,2013,2233508.0
Namibie,2014,2273423.0
Namibie,2015,2314904.0
Namibie,2016,2358044.0
Namibie,2017,2402633.0
Namibie,2018,2448301.0
Nauru,2013,10209.0
Nauru,2014,10289.0
Nauru,2015,10383.0
Nauru,2016,10475.0
Nauru,2017,10573.0
Nauru,2018,10670.0
Népal,2013,26916793.0
Népal,2014,26905978.0
Népal,2015,27015031.000000007
Népal,2016,27263433.0
Népal,2017,27632681.0
Népal,2018,28095714.0
Nicaragua,2013,6062456.999999999
Nicaragua,2014,6142731.0
Nicaragua,2015,6223240.0
Nicaragua,2016,6303974.0
Nicaragua,2017,6384846.0
Nicaragua,2018,6465501.0
Niger,2013,18504281.000000007
Niger,2014,19240179.0
Niger,2015,20001663.0
Niger,2016,20788798.0
Niger,2017,21602382.0
Niger,2018,22442822.0
Nigéria,2013,171765816.00000003
Nigéria,2014,176404933.99999994
Nigéria,2015,181137448.0
Nigéria,2016,185960241.0
Nigéria,2017,190873244.0
Nigéria,2018,195874683.0
Nioué,2013,1612.0
Nioué,2014,1609.0
Nioué,2015,1619.0
Nioué,2016,1614.0
Nioué,2017,1609.0
Nioué,2018,1620.0
Norvège,2013,5079455.0
Norvège,2014,5142265.0
Norvège,2015,5199835.999999998
Norvège,2016,5250949.000000002
Norvège,2017,5296326.0
Norvège,2018,5337962.0
Nouvelle-Calédonie,2013,264242.0
Nouvelle-Calédonie,2014,267739.00000000006
Nouvelle-Calédonie,2015,271065.0
Nouvelle-Calédonie,2016,274191.0
Nouvelle-Calédonie,2017,277150.0
Nouvelle-Calédonie,2018,279993.0
Nouvelle-Zélande,2013,4518515.0
Nouvelle-Zélande,2014,4567527.0
Nouvelle-Zélande,2015,4614532.0
Nouvelle-Zélande,2016,4659265.0
Nouvelle-Zélande,2017,4702034.000000002
Nouvelle-Zélande,2018,4743130.999999999
Oman,2013,3764806.0
Oman,2014,4027260.0
Oman,2015,4267348.0
Oman,2016,4479219.0
Oman,2017,4665928.0
Oman,2018,4829473.0
Ouganda,2013,35694519.0
Ouganda,2014,36911523.0
Ouganda,2015,38225453.0
Ouganda,2016,39649166.0
Ouganda,2017,41166588.0
Ouganda,2018,42729035.99999999
Ouzbékistan,2013,29932631.0
Ouzbékistan,2014,30426388.0
Ouzbékistan,2015,30929557.0
Ouzbékistan,2016,31441751.0
Ouzbékistan,2017,31959785.0
Ouzbékistan,2018,32476244.0
Pakistan,2013,191260806.0
Pakistan,2014,195305013.0
Pakistan,2015,199426964.0
Pakistan,2016,203631353.0
Pakistan,2017,207906209.0
Pakistan,2018,212228286.0
Palaos,2013,17605.999999999993
Palaos,2014,17625.999999999993
Palaos,2015,17665.0
Palaos,2016,17725.0
Palaos,2017,17808.0
Palaos,2018,17907.0
Palestine,2013,4333523.0
Palestine,2014,4428639.0
Palestine,2015,4529166.0
Palestine,2016,4635654.0
Palestine,2017,4747227.0
Palestine,2018,4862979.0
Panama,2013,3835435.0
Panama,2014,3901314.0
Panama,2015,3968487.0
Panama,2016,4037078.0
Panama,2017,4106769.0
Panama,2018,4176869.0000000014
Papouasie-Nouvelle-Guinée,2013,7788380.0
Papouasie-Nouvelle-Guinée,2014,7946730.0
Papouasie-Nouvelle-Guinée,2015,8107775.0
Papouasie-Nouvelle-Guinée,2016,8271761.999999999
Papouasie-Nouvelle-Guinée,2017,8438036.0
Papouasie-Nouvelle-Guinée,2018,8606323.0
Paraguay,2013,6510276.0
Paraguay,2014,6599526.0
Paraguay,2015,6688746.0
Paraguay,2016,6777871.999999999
Paraguay,2017,6867061.0
Paraguay,2018,6956066.0
Pays-Bas,2013,16843502.0
Pays-Bas,2014,16892523.0
Pays-Bas,2015,16938499.0
Pays-Bas,2016,16981295.0
Pays-Bas,2017,17021346.999999996
Pays-Bas,2018,17059560.0
Pérou,2013,29773987.0
Pérou,2014,30090359.0
Pérou,2015,30470734.0
Pérou,2016,30926032.000000007
Pérou,2017,31444298.0
Pérou,2018,31989260.0
Philippines,2013,98871555.0
Philippines,2014,100513142.0
Philippines,2015,102113212.0
Philippines,2016,103663816.0
Philippines,2017,105172925.0
Philippines,2018,106651394.0
Pologne,2013,38158041.0
Pologne,2014,38091089.0
Pologne,2015,38034079.0
Pologne,2016,37989220.0
Pologne,2017,37953180.0
Pologne,2018,37921592.0
Polynésie Française,2013,270328.0
Polynésie Française,2014,271705.0
Polynésie Française,2015,273124.0
Polynésie Française,2016,274575.0
Polynésie Française,2017,276102.00000000006
Polynésie Française,2018,277679.00000000006
Porto Rico,2013,3503858.0
Porto Rico,2014,3453672.0
Porto Rico,2015,3381518.0
Porto Rico,2016,3283125.0
Porto Rico,2017,3163667.0
Porto Rico,2018,3039595.9999999995
Portugal,2013,10473021.0
Portugal,2014,10418218.0
Portugal,2015,10368351.0
Portugal,2016,10325538.0
Portugal,2017,10288527.0
Portugal,2018,10256193.0
Qatar,2013,2336574.0
Qatar,2014,2459198.0
Qatar,2015,2565710.0
Qatar,2016,2654374.000000001
Qatar,2017,2724728.0
Qatar,2018,2781682.0
République Arabe Syrienne,2013,19578461.0
République Arabe Syrienne,2014,18710711.0
République Arabe Syrienne,2015,17997408.0
République Arabe Syrienne,2016,17465575.0
République Arabe Syrienne,2017,17095678.0
République Arabe Syrienne,2018,16945057.0
République Centrafricaine,2013,4447944.0
République Centrafricaine,2014,4464175.0
République Centrafricaine,2015,4493170.0
République Centrafricaine,2016,4537686.0
République Centrafricaine,2017,4596023.0
République Centrafricaine,2018,4666368.0
République De Corée,2013,50345717.0
République De Corée,2014,50607907.0
République De Corée,2015,50823093.0
République De Corée,2016,50983457.0
République De Corée,2017,51096415.0
République De Corée,2018,51171706.0
République De Moldova,2013,4074591.0
République De Moldova,2014,4073407.0
République De Moldova,2015,4070700.0
République De Moldova,2016,4066009.0
République De Moldova,2017,4059684.0
République De Moldova,2018,4051944.0
République Démocratique Du Congo,2013,71358807.0
République Démocratique Du Congo,2014,73767447.0
République Démocratique Du Congo,2015,76244544.00000001
République Démocratique Du Congo,2016,78789127.00000001
République Démocratique Du Congo,2017,81398764.00000001
République Démocratique Du Congo,2018,84068091.0
République Démocratique Populaire Lao,2013,6541304.0
République Démocratique Populaire Lao,2014,6639755.999999999
République Démocratique Populaire Lao,2015,6741164.000000002
République Démocratique Populaire Lao,2016,6845846.0
République Démocratique Populaire Lao,2017,6953035.0
République Démocratique Populaire Lao,2018,7061507.0
République Dominicaine,2013,10048232.0
République Dominicaine,2014,10165183.0
République Dominicaine,2015,10281680.0
République Dominicaine,2016,10397741.0
République Dominicaine,2017,10513104.0
République Dominicaine,2018,10627141.0
République Populaire Démocratique De Corée,2013,24929497.000000007
République Populaire Démocratique De Corée,2014,25057790.0
République Populaire Démocratique De Corée,2015,25183833.0
République Populaire Démocratique De Corée,2016,25307665.0
République Populaire Démocratique De Corée,2017,25429825.0
République Populaire Démocratique De Corée,2018,25549604.0
République-Unie De Tanzanie,2013,48483129.0
République-Unie De Tanzanie,2014,49960561.0
République-Unie De Tanzanie,2015,51482633.0
République-Unie De Tanzanie,2016,53049230.0
République-Unie De Tanzanie,2017,54660339.00000001
République-Unie De Tanzanie,2018,56313438.0
Réunion,2013,850513.9999999999
Réunion,2014,856961.0
Réunion,2015,863363.0
Réunion,2016,869743.0
Réunion,2017,876133.9999999999
Réunion,2018,882526.0000000002
Roumanie,2013,20132776.0
Roumanie,2014,20035930.0
Roumanie,2015,19925175.0
Roumanie,2016,19796285.0
Roumanie,2017,19653969.0
Roumanie,2018,19506114.0
Royaume-Uni De Grande-Bretagne Et D'Irlande Du Nord,2013,64984018.0
Royaume-Uni De Grande-Bretagne Et D'Irlande Du Nord,2014,65423047.0
Royaume-Uni De Grande-Bretagne Et D'Irlande Du Nord,2015,65860145.99999999
Royaume-Uni De Grande-Bretagne Et D'Irlande Du Nord,2016,66297944.0
Royaume-Uni De Grande-Bretagne Et D'Irlande Du Nord,2017,66727460.99999999
Royaume-Uni De Grande-Bretagne Et D'Irlande Du Nord,2018,67141684.00000001
Rwanda,2013,10811538.0
Rwanda,2014,11083630.0
Rwanda,2015,11369071.000000002
Rwanda,2016,11668827.0
Rwanda,2017,11980961.0
Rwanda,2018,12301970.0
Sahara Occidental,2013,504858.0
Sahara Occidental,2014,514995.0
Sahara Occidental,2015,526216.0
Sahara Occidental,2016,538749.0
Sahara Occidental,2017,552615.0
Sahara Occidental,2018,567401.9999999998
Saint-Barthélemy,2013,9537.0
Saint-Barthélemy,2014,9623.0
Saint-Barthélemy,2015,9693.0
Saint-Barthélemy,2016,9748.0
Saint-Barthélemy,2017,9784.0
Saint-Barthélemy,2018,9816.0
"Sainte-Hélène, Ascension Et Tristan Da Cunha",2013,5584.0
"Sainte-Hélène, Ascension Et Tristan Da Cunha",2014,5739.0
"Sainte-Hélène, Ascension Et Tristan Da Cunha",2015,5865.0
"Sainte-Hélène, Ascension Et Tristan Da Cunha",2016,5956.0
"Sainte-Hélène, Ascension Et Tristan Da Cunha",2017,6007.999999999999
"Sainte-Hélène, Ascension Et Tristan Da Cunha",2018,6035.0
Sainte-Lucie,2013,177513.0
Sainte-Lucie,2014,178296.0
Sainte-Lucie,2015,179125.99999999994
Sainte-Lucie,2016,180024.0
Sainte-Lucie,2017,180954.0
Sainte-Lucie,2018,181889.0
Saint-Kitts-Et-Nevis,2013,50331.0
Saint-Kitts-Et-Nevis,2014,50774.0
Saint-Kitts-Et-Nevis,2015,51203.0
Saint-Kitts-Et-Nevis,2016,51625.0
Saint-Kitts-Et-Nevis,2017,52045.0
Saint-Kitts-Et-Nevis,2018,52441.0
Saint-Marin,2013,32553.000000000004
Saint-Marin,2014,32948.0
Saint-Marin,2015,33272.0
Saint-Marin,2016,33504.0
Saint-Marin,2017,33671.0
Saint-Marin,2018,33785.0
Saint-Martin (Partie Française),2013,36453.0
Saint-Martin (Partie Française),2014,36015.0
Saint-Martin (Partie Française),2015,35858.000000000015
Saint-Martin (Partie Française),2016,36065.0
Saint-Martin (Partie Française),2017,36560.0
Saint-Martin (Partie Française),2018,37264.0
Saint-Pierre-Et-Miquelon,2013,6172.999999999999
Saint-Pierre-Et-Miquelon,2014,6075.0
Saint-Pierre-Et-Miquelon,2015,5992.999999999999
Saint-Pierre-Et-Miquelon,2016,5934.0
Saint-Pierre-Et-Miquelon,2017,5887.0
Saint-Pierre-Et-Miquelon,2018,5849.0
Saint-Siège,2013,800.9999999999999
Saint-Siège,2014,800.0
Saint-Siège,2015,802.9999999999999
Saint-Siège,2016,800.9999999999999
Saint-Siège,2017,792.9999999999999
Saint-Siège,2018,800.9999999999999
Saint-Vincent-Et-Les Grenadines,2013,108622.0
Saint-Vincent-Et-Les Grenadines,2014,108861.0
Saint-Vincent-Et-Les Grenadines,2015,109148.0
Saint-Vincent-Et-Les Grenadines,2016,109459.0
Saint-Vincent-Et-Les Grenadines,2017,109827.0
Saint-Vincent-Et-Les Grenadines,2018,110211.0
Samoa,2013,190718.0
Samoa,2014,192221.0
Samoa,2015,193513.0
Samoa,2016,194535.0
Samoa,2017,195352.0
Samoa,2018,196129.0
Samoa Américaines,2013,55713.0
Samoa Américaines,2014,55791.0
Samoa Américaines,2015,55812.0
Samoa Américaines,2016,55741.00000000001
Samoa Américaines,2017,55620.0
Samoa Américaines,2018,55465.0
Sao Tomé-Et-Principe,2013,192087.0
Sao Tomé-Et-Principe,2014,195727.0
Sao Tomé-Et-Principe,2015,199432.0
Sao Tomé-Et-Principe,2016,203227.0
Sao Tomé-Et-Principe,2017,207089.00000000003
Sao Tomé-Et-Principe,2018,211028.0
Sénégal,2013,13782424.0
Sénégal,2014,14174739.0
Sénégal,2015,14578459.0
Sénégal,2016,14993518.999999998
Sénégal,2017,15419355.0
Sénégal,2018,15854323.0
Serbie,2013,8918904.0
Serbie,2014,8898289.0
Serbie,2015,8876777.0
Serbie,2016,8853963.0
Serbie,2017,8829628.0
Serbie,2018,8802754.0
Seychelles,2013,93395.0
Seychelles,2014,94215.0
Seychelles,2015,94978.0
Seychelles,2016,95710.0
Seychelles,2017,96418.0
Seychelles,2018,97096.0
Sierra Leone,2013,6863981.0
Sierra Leone,2014,7017148.0
Sierra Leone,2015,7171914.000000002
Sierra Leone,2016,7328834.0
Sierra Leone,2017,7488423.000000002
Sierra Leone,2018,7650150.0
Singapour,2013,5453736.999999999
Singapour,2014,5525626.0
Singapour,2015,5592151.999999999
Singapour,2016,5653634.0
Singapour,2017,5708041.0
Singapour,2018,5757499.0
Sint Maarten  (Partie Néerlandaise),2013,37583.0
Sint Maarten  (Partie Néerlandaise),2014,38876.0
Sint Maarten  (Partie Néerlandaise),2015,39968.0
Sint Maarten  (Partie Néerlandaise),2016,40808.0
Sint Maarten  (Partie Néerlandaise),2017,41444.0
Sint Maarten  (Partie Néerlandaise),2018,41940.0
Slovaquie,2013,5421725.0
Slovaquie,2014,5428803.000000001
Slovaquie,2015,5435611.0
Slovaquie,2016,5442003.000000002
Slovaquie,2017,5447900.0
Slovaquie,2018,5453014.0
Slovénie,2013,2063110.0000000002
Slovénie,2014,2067487.9999999998
Slovénie,2015,2071199.0
Slovénie,2016,2074210.0
Slovénie,2017,2076393.9999999998
Slovénie,2018,2077837.0
Somalie,2013,13063701.0
Somalie,2014,13423568.0
Somalie,2015,13797201.0
Somalie,2016,14185636.0
Somalie,2017,14589178.999999998
Somalie,2018,15008226.0
Soudan,2013,37072550.0
Soudan,2014,37977655.0
Soudan,2015,38902950.0
Soudan,2016,39847439.0
Soudan,2017,40813397.0
Soudan,2018,41801533.0
Soudan Du Sud,2013,10355035.0
Soudan Du Sud,2014,10554880.0
Soudan Du Sud,2015,10715658.0
Soudan Du Sud,2016,10832518.0
Soudan Du Sud,2017,10910763.0
Soudan Du Sud,2018,10975927.0
Sri Lanka,2013,20663046.0
Sri Lanka,2014,20788511.0
Sri Lanka,2015,20908027.0
Sri Lanka,2016,21021171.0
Sri Lanka,2017,21128032.000000007
Sri Lanka,2018,21228763.0
Suède,2013,9618016.0
Suède,2014,9692131.0
Suède,2015,9764950.0
Suède,2016,9836007.0
Suède,2017,9904896.0
Suède,2018,9971638.0
Suisse,2013,8108878.000000002
Suisse,2014,8206002.0
Suisse,2015,8296775.0
Suisse,2016,8379916.999999999
Suisse,2017,8455804.0
Suisse,2018,8525610.999999998
Suriname,2013,547290.9999999999
Suriname,2014,553273.0
Suriname,2015,559143.0
Suriname,2016,564888.0
Suriname,2017,570496.0
Suriname,2018,575990.0
Tadjikistan,2013,8059769.0
Tadjikistan,2014,8252833.000000001
Tadjikistan,2015,8454028.0
Tadjikistan,2016,8663579.0
Tadjikistan,2017,8880268.0
Tadjikistan,2018,9100835.0
Tchad,2013,13220433.0
Tchad,2014,13663566.0
Tchad,2015,14110975.0
Tchad,2016,14561660.0
Tchad,2017,15016753.0
Tchad,2018,15477729.0
Tchéquie,2013,10586533.0
Tchéquie,2014,10591108.0
Tchéquie,2015,10601397.0
Tchéquie,2016,10618857.0
Tchéquie,2017,10641034.0
Tchéquie,2018,10665677.0
Thaïlande,2013,68144518.0
Thaïlande,2014,68438746.0
Thaïlande,2015,68714511.0
Thaïlande,2016,68971308.0
Thaïlande,2017,69209810.0
Thaïlande,2018,69428453.0
Timor-Leste,2013,1153294.0
Timor-Leste,2014,1174331.0
Timor-Leste,2015,1196302.0
Timor-Leste,2016,1219288.0
Timor-Leste,2017,1243258.0
Timor-Leste,2018,1267974.0
Togo,2013,6954722.0
Togo,2014,7138000.0
Togo,2015,7323158.0
Togo,2016,7509951.0
Togo,2017,7698474.0
Togo,2018,7889093.000000002
Tokélaou,2013,1187.0
Tokélaou,2014,1219.0
Tokélaou,2015,1252.0
Tokélaou,2016,1281.9999999999998
Tokélaou,2017,1300.0
Tokélaou,2018,1319.0
Tonga,2013,101768.0
Tonga,2014,101028.0
Tonga,2015,100781.0
Tonga,2016,101133.0
Tonga,2017,101998.0
Tonga,2018,103197.0
Trinité-Et-Tobago,2013,1353703.0
Trinité-Et-Tobago,2014,1362345.0
Trinité-Et-Tobago,2015,1370328.0
Trinité-Et-Tobago,2016,1377560.0
Trinité-Et-Tobago,2017,1384059.0
Trinité-Et-Tobago,2018,1389842.9999999995
Tunisie,2013,10952951.0
Tunisie,2014,11063201.0
Tunisie,2015,11179949.0
Tunisie,2016,11303945.0
Tunisie,2017,11433443.0
Tunisie,2018,11565201.0
Turkménistan,2013,5366378.000000002
Turkménistan,2014,5466328.0
Turkménistan,2015,5565286.999999998
Turkménistan,2016,5662368.0
Turkménistan,2017,5757667.0
Turkménistan,2018,5850901.0
Turquie,2013,75925462.0
Turquie,2014,77229256.0
Turquie,2015,78529409.0
Turquie,2016,79827871.0
Turquie,2017,81116450.0
Turquie,2018,82340088.0
Tuvalu,2013,10857.0
Tuvalu,2014,10972.0
Tuvalu,2015,11099.0
Tuvalu,2016,11225.0
Tuvalu,2017,11370.0
Tuvalu,2018,11508.0
Ukraine,2013,45286983.0
Ukraine,2014,45111532.0
Ukraine,2015,44921639.0
Ukraine,2016,44713702.000000015
Ukraine,2017,44487709.0
Ukraine,2018,44246156.0
Uruguay,2013,3389443.0
Uruguay,2014,3400436.0
Uruguay,2015,3412009.0
Uruguay,2016,3424129.000000001
Uruguay,2017,3436641.0
Uruguay,2018,3449285.0
Vanuatu,2013,256635.0
Vanuatu,2014,263888.0
Vanuatu,2015,271130.0
Vanuatu,2016,278330.0
Vanuatu,2017,285510.0
Vanuatu,2018,292680.0
Venezuela (République Bolivarienne Du),2013,29781040.0
Venezuela (République Bolivarienne Du),2014,30042968.0
Venezuela (République Bolivarienne Du),2015,30081829.0
Venezuela (République Bolivarienne Du),2016,29851255.0
Venezuela (République Bolivarienne Du),2017,29402484.0
Venezuela (République Bolivarienne Du),2018,28887118.0
Viet Nam,2013,90752592.0
Viet Nam,2014,91713848.0
Viet Nam,2015,92677076.0
Viet Nam,2016,93640422.0
Viet Nam,2017,94600648.0
Viet Nam,2018,95545962.0
Yémen,2013,25147109.0
Yémen,2014,25823485.0
Yémen,2015,26497889.0
Yémen,2016,27168208.0
Yémen,2017,27834819.0
Yémen,2018,28498683.0
Zambie,2013,14926544.0
Zambie,2014,15399788.0
Zambie,2015,15879361.0
Zambie,2016,16363458.0
Zambie,2017,16853599.0
Zambie,2018,17351708.0
Zimbabwe,2013,13350373.0
Zimbabwe,2014,13586707.0
Zimbabwe,2015,13814629.0
Zimbabwe,2016,14030331.0
Zimbabwe,2017,14236595.0
Zimbabwe,2018,14438802.0
