Zone,Année_intervalle,sous_nutrition,annee_debut,annee_fin,annee_reference
Afghanistan,2012-2014,8600000.0,2012,2014,2013
Afghanistan,2013-2015,8800000.0,2013,2015,2014
Afghanistan,2014-2016,8900000.0,2014,2016,2015
Afghanistan,2015-2017,9700000.0,2015,2017,2016
Afghanistan,2016-2018,10500000.0,2016,2018,2017
Afghanistan,2017-2019,11100000.0,2017,2019,2018
Afrique Du Sud,2012-2014,2200000.0,2012,2014,2013
Afrique Du Sud,2013-2015,2500000.0,2013,2015,2014
Afrique Du Sud,2014-2016,2800000.0,2014,2016,2015
Afrique Du Sud,2015-2017,3000000.0,2015,2017,2016
Afrique Du Sud,2016-2018,3100000.0,2016,2018,2017
Afrique Du Sud,2017-2019,3300000.0,2017,2019,2018
Albanie,2012-2014,100000.0,2012,2014,2013
Albanie,2013-2015,100000.0,2013,2015,2014
Albanie,2014-2016,100000.0,2014,2016,2015
Albanie,2015-2017,100000.0,2015,2017,2016
Albanie,2016-2018,100000.0,2016,2018,2017
Albanie,2017-2019,100000.0,2017,2019,2018
Algérie,2012-2014,1300000.0,2012,2014,2013
Algérie,2013-2015,1300000.0,2013,2015,2014
Algérie,2014-2016,1300000.0,2014,2016,2015
Algérie,2015-2017,1300000.0,2015,2017,2016
Algérie,2016-2018,1300000.0,2016,2018,2017
Algérie,2017-2019,1200000.0,2017,2019,2018
Allemagne,2012-2014,0.0,2012,2014,2013
Allemagne,2013-2015,0.0,2013,2015,2014
Allemagne,2014-2016,0.0,2014,2016,2015
Allemagne,2015-2017,0.0,2015,2017,2016
Allemagne,2016-2018,0.0,2016,2018,2017
Allemagne,2017-2019,0.0,2017,2019,2018
Andorre,2012-2014,0.0,2012,2014,2013
Andorre,2013-2015,0.0,2013,2015,2014
Andorre,2014-2016,0.0,2014,2016,2015
Andorre,2015-2017,0.0,2015,2017,2016
Andorre,2016-2018,0.0,2016,2018,2017
Andorre,2017-2019,0.0,2017,2019,2018
Angola,2012-2014,7600000.0,2012,2014,2013
Angola,2013-2015,6200000.0,2013,2015,2014
Angola,2014-2016,5300000.0,2014,2016,2015
Angola,2015-2017,5600000.0,2015,2017,2016
Angola,2016-2018,5800000.0,2016,2018,2017
Angola,2017-2019,5700000.0,2017,2019,2018
Antigua-Et-Barbuda,2012-2014,0.0,2012,2014,2013
Antigua-Et-Barbuda,2013-2015,0.0,2013,2015,2014
Antigua-Et-Barbuda,2014-2016,0.0,2014,2016,2015
Antigua-Et-Barbuda,2015-2017,0.0,2015,2017,2016
Antigua-Et-Barbuda,2016-2018,0.0,2016,2018,2017
Antigua-Et-Barbuda,2017-2019,0.0,2017,2019,2018
Arabie Saoudite,2012-2014,1500000.0,2012,2014,2013
Arabie Saoudite,2013-2015,1500000.0,2013,2015,2014
Arabie Saoudite,2014-2016,1500000.0,2014,2016,2015
Arabie Saoudite,2015-2017,1500000.0,2015,2017,2016
Arabie Saoudite,2016-2018,1600000.0,2016,2018,2017
Arabie Saoudite,2017-2019,1600000.0,2017,2019,2018
Argentine,2012-2014,1200000.0,2012,2014,2013
Argentine,2013-2015,0.0,2013,2015,2014
Argentine,2014-2016,1100000.0,2014,2016,2015
Argentine,2015-2017,1300000.0,2015,2017,2016
Argentine,2016-2018,1500000.0,2016,2018,2017
Argentine,2017-2019,1700000.0,2017,2019,2018
Arménie,2012-2014,0.0,2012,2014,2013
Arménie,2013-2015,0.0,2013,2015,2014
Arménie,2014-2016,0.0,2014,2016,2015
Arménie,2015-2017,0.0,2015,2017,2016
Arménie,2016-2018,0.0,2016,2018,2017
Arménie,2017-2019,0.0,2017,2019,2018
Australie,2012-2014,0.0,2012,2014,2013
Australie,2013-2015,0.0,2013,2015,2014
Australie,2014-2016,0.0,2014,2016,2015
Australie,2015-2017,0.0,2015,2017,2016
Australie,2016-2018,0.0,2016,2018,2017
Australie,2017-2019,0.0,2017,2019,2018
Autriche,2012-2014,0.0,2012,2014,2013
Autriche,2013-2015,0.0,2013,2015,2014
Autriche,2014-2016,0.0,2014,2016,2015
Autriche,2015-2017,0.0,2015,2017,2016
Autriche,2016-2018,0.0,2016,2018,2017
Autriche,2017-2019,0.0,2017,2019,2018
Azerbaïdjan,2012-2014,0.0,2012,2014,2013
Azerbaïdjan,2013-2015,0.0,2013,2015,2014
Azerbaïdjan,2014-2016,0.0,2014,2016,2015
Azerbaïdjan,2015-2017,0.0,2015,2017,2016
Azerbaïdjan,2016-2018,0.0,2016,2018,2017
Azerbaïdjan,2017-2019,0.0,2017,2019,2018
Bahamas,2012-2014,0.0,2012,2014,2013
Bahamas,2013-2015,0.0,2013,2015,2014
Bahamas,2014-2016,0.0,2014,2016,2015
Bahamas,2015-2017,0.0,2015,2017,2016
Bahamas,2016-2018,0.0,2016,2018,2017
Bahamas,2017-2019,0.0,2017,2019,2018
Bahreïn,2012-2014,0.0,2012,2014,2013
Bahreïn,2013-2015,0.0,2013,2015,2014
Bahreïn,2014-2016,0.0,2014,2016,2015
Bahreïn,2015-2017,0.0,2015,2017,2016
Bahreïn,2016-2018,0.0,2016,2018,2017
Bahreïn,2017-2019,0.0,2017,2019,2018
Bangladesh,2012-2014,21700000.0,2012,2014,2013
Bangladesh,2013-2015,22400000.0,2013,2015,2014
Bangladesh,2014-2016,23300000.0,2014,2016,2015
Bangladesh,2015-2017,22300000.0,2015,2017,2016
Bangladesh,2016-2018,21500000.0,2016,2018,2017
Bangladesh,2017-2019,20900000.0,2017,2019,2018
Barbade,2012-2014,0.0,2012,2014,2013
Barbade,2013-2015,0.0,2013,2015,2014
Barbade,2014-2016,0.0,2014,2016,2015
Barbade,2015-2017,0.0,2015,2017,2016
Barbade,2016-2018,0.0,2016,2018,2017
Barbade,2017-2019,0.0,2017,2019,2018
Bélarus,2012-2014,0.0,2012,2014,2013
Bélarus,2013-2015,0.0,2013,2015,2014
Bélarus,2014-2016,0.0,2014,2016,2015
Bélarus,2015-2017,0.0,2015,2017,2016
Bélarus,2016-2018,0.0,2016,2018,2017
Bélarus,2017-2019,0.0,2017,2019,2018
Belgique,2012-2014,0.0,2012,2014,2013
Belgique,2013-2015,0.0,2013,2015,2014
Belgique,2014-2016,0.0,2014,2016,2015
Belgique,2015-2017,0.0,2015,2017,2016
Belgique,2016-2018,0.0,2016,2018,2017
Belgique,2017-2019,0.0,2017,2019,2018
Belize,2012-2014,0.0,2012,2014,2013
Belize,2013-2015,0.0,2013,2015,2014
Belize,2014-2016,0.0,2014,2016,2015
Belize,2015-2017,0.0,2015,2017,2016
Belize,2016-2018,0.0,2016,2018,2017
Belize,2017-2019,0.0,2017,2019,2018
Bénin,2012-2014,800000.0,2012,2014,2013
Bénin,2013-2015,800000.0,2013,2015,2014
Bénin,2014-2016,800000.0,2014,2016,2015
Bénin,2015-2017,800000.0,2015,2017,2016
Bénin,2016-2018,800000.0,2016,2018,2017
Bénin,2017-2019,800000.0,2017,2019,2018
Bermudes,2012-2014,0.0,2012,2014,2013
Bermudes,2013-2015,0.0,2013,2015,2014
Bermudes,2014-2016,0.0,2014,2016,2015
Bermudes,2015-2017,0.0,2015,2017,2016
Bermudes,2016-2018,0.0,2016,2018,2017
Bermudes,2017-2019,0.0,2017,2019,2018
Bhoutan,2012-2014,0.0,2012,2014,2013
Bhoutan,2013-2015,0.0,2013,2015,2014
Bhoutan,2014-2016,0.0,2014,2016,2015
Bhoutan,2015-2017,0.0,2015,2017,2016
Bhoutan,2016-2018,0.0,2016,2018,2017
Bhoutan,2017-2019,0.0,2017,2019,2018
Bolivie (État Plurinational De),2012-2014,2000000.0,2012,2014,2013
Bolivie (État Plurinational De),2013-2015,1900000.0,2013,2015,2014
Bolivie (État Plurinational De),2014-2016,1800000.0,2014,2016,2015
Bolivie (État Plurinational De),2015-2017,1700000.0,2015,2017,2016
Bolivie (État Plurinational De),2016-2018,1700000.0,2016,2018,2017
Bolivie (État Plurinational De),2017-2019,1800000.0,2017,2019,2018
Bosnie-Herzégovine,2012-2014,0.0,2012,2014,2013
Bosnie-Herzégovine,2013-2015,0.0,2013,2015,2014
Bosnie-Herzégovine,2014-2016,0.0,2014,2016,2015
Bosnie-Herzégovine,2015-2017,0.0,2015,2017,2016
Bosnie-Herzégovine,2016-2018,0.0,2016,2018,2017
Bosnie-Herzégovine,2017-2019,0.0,2017,2019,2018
Botswana,2012-2014,400000.0,2012,2014,2013
Botswana,2013-2015,400000.0,2013,2015,2014
Botswana,2014-2016,400000.0,2014,2016,2015
Botswana,2015-2017,400000.0,2015,2017,2016
Botswana,2016-2018,500000.0,2016,2018,2017
Botswana,2017-2019,500000.0,2017,2019,2018
Brésil,2012-2014,0.0,2012,2014,2013
Brésil,2013-2015,0.0,2013,2015,2014
Brésil,2014-2016,0.0,2014,2016,2015
Brésil,2015-2017,0.0,2015,2017,2016
Brésil,2016-2018,0.0,2016,2018,2017
Brésil,2017-2019,0.0,2017,2019,2018
Brunéi Darussalam,2012-2014,0.0,2012,2014,2013
Brunéi Darussalam,2013-2015,0.0,2013,2015,2014
Brunéi Darussalam,2014-2016,0.0,2014,2016,2015
Brunéi Darussalam,2015-2017,0.0,2015,2017,2016
Brunéi Darussalam,2016-2018,0.0,2016,2018,2017
Brunéi Darussalam,2017-2019,0.0,2017,2019,2018
Bulgarie,2012-2014,300000.0,2012,2014,2013
Bulgarie,2013-2015,300000.0,2013,2015,2014
Bulgarie,2014-2016,200000.0,2014,2016,2015
Bulgarie,2015-2017,200000.0,2015,2017,2016
Bulgarie,2016-2018,200000.0,2016,2018,2017
Bulgarie,2017-2019,200000.0,2017,2019,2018
Burkina Faso,2012-2014,3100000.0,2012,2014,2013
Burkina Faso,2013-2015,3100000.0,2013,2015,2014
Burkina Faso,2014-2016,3200000.0,2014,2016,2015
Burkina Faso,2015-2017,3400000.0,2015,2017,2016
Burkina Faso,2016-2018,3600000.0,2016,2018,2017
Burkina Faso,2017-2019,3800000.0,2017,2019,2018
Burundi,2012-2014,0.0,2012,2014,2013
Burundi,2013-2015,0.0,2013,2015,2014
Burundi,2014-2016,0.0,2014,2016,2015
Burundi,2015-2017,0.0,2015,2017,2016
Burundi,2016-2018,0.0,2016,2018,2017
Burundi,2017-2019,0.0,2017,2019,2018
Cabo Verde,2012-2014,0.0,2012,2014,2013
Cabo Verde,2013-2015,0.0,2013,2015,2014
Cabo Verde,2014-2016,0.0,2014,2016,2015
Cabo Verde,2015-2017,0.0,2015,2017,2016
Cabo Verde,2016-2018,0.0,2016,2018,2017
Cabo Verde,2017-2019,100000.0,2017,2019,2018
Cambodge,2012-2014,2100000.0,2012,2014,2013
Cambodge,2013-2015,2300000.0,2013,2015,2014
Cambodge,2014-2016,2400000.0,2014,2016,2015
Cambodge,2015-2017,2400000.0,2015,2017,2016
Cambodge,2016-2018,2400000.0,2016,2018,2017
Cambodge,2017-2019,2400000.0,2017,2019,2018
Cameroun,2012-2014,1500000.0,2012,2014,2013
Cameroun,2013-2015,1500000.0,2013,2015,2014
Cameroun,2014-2016,1600000.0,2014,2016,2015
Cameroun,2015-2017,1600000.0,2015,2017,2016
Cameroun,2016-2018,1600000.0,2016,2018,2017
Cameroun,2017-2019,1600000.0,2017,2019,2018
Canada,2012-2014,0.0,2012,2014,2013
Canada,2013-2015,0.0,2013,2015,2014
Canada,2014-2016,0.0,2014,2016,2015
Canada,2015-2017,0.0,2015,2017,2016
Canada,2016-2018,0.0,2016,2018,2017
Canada,2017-2019,0.0,2017,2019,2018
Chili,2012-2014,600000.0,2012,2014,2013
Chili,2013-2015,600000.0,2013,2015,2014
Chili,2014-2016,600000.0,2014,2016,2015
Chili,2015-2017,600000.0,2015,2017,2016
Chili,2016-2018,600000.0,2016,2018,2017
Chili,2017-2019,700000.0,2017,2019,2018
Chine - Ras De Hong-Kong,2012-2014,0.0,2012,2014,2013
Chine - Ras De Hong-Kong,2013-2015,0.0,2013,2015,2014
Chine - Ras De Hong-Kong,2014-2016,0.0,2014,2016,2015
Chine - Ras De Hong-Kong,2015-2017,0.0,2015,2017,2016
Chine - Ras De Hong-Kong,2016-2018,0.0,2016,2018,2017
Chine - Ras De Hong-Kong,2017-2019,0.0,2017,2019,2018
Chine - Ras De Macao,2012-2014,0.0,2012,2014,2013
Chine - Ras De Macao,2013-2015,0.0,2013,2015,2014
Chine - Ras De Macao,2014-2016,0.0,2014,2016,2015
Chine - Ras De Macao,2015-2017,0.0,2015,2017,2016
Chine - Ras De Macao,2016-2018,0.0,2016,2018,2017
Chine - Ras De Macao,2017-2019,0.0,2017,2019,2018
"Chine, Continentale",2012-2014,0.0,2012,2014,2013
"Chine, Continentale",2013-2015,0.0,2013,2015,2014
"Chine, Continentale",2014-2016,0.0,2014,2016,2015
"Chine, Continentale",2015-2017,0.0,2015,2017,2016
"Chine, Continentale",2016-2018,0.0,2016,2018,2017
"Chine, Continentale",2017-2019,0.0,2017,2019,2018
"Chine, Taiwan Province De",2012-2014,900000.0,2012,2014,2013
"Chine, Taiwan Province De",2013-2015,900000.0,2013,2015,2014
"Chine, Taiwan Province De",2014-2016,900000.0,2014,2016,2015
"Chine, Taiwan Province De",2015-2017,900000.0,2015,2017,2016
"Chine, Taiwan Province De",2016-2018,900000.0,2016,2018,2017
"Chine, Taiwan Province De",2017-2019,800000.0,2017,2019,2018
Chypre,2012-2014,0.0,2012,2014,2013
Chypre,2013-2015,0.0,2013,2015,2014
Chypre,2014-2016,0.0,2014,2016,2015
Chypre,2015-2017,0.0,2015,2017,2016
Chypre,2016-2018,0.0,2016,2018,2017
Chypre,2017-2019,0.0,2017,2019,2018
Colombie,2012-2014,3900000.0,2012,2014,2013
Colombie,2013-2015,3400000.0,2013,2015,2014
Colombie,2014-2016,3100000.0,2014,2016,2015
Colombie,2015-2017,2800000.0,2015,2017,2016
Colombie,2016-2018,2700000.0,2016,2018,2017
Colombie,2017-2019,2700000.0,2017,2019,2018
Comores,2012-2014,0.0,2012,2014,2013
Comores,2013-2015,0.0,2013,2015,2014
Comores,2014-2016,0.0,2014,2016,2015
Comores,2015-2017,0.0,2015,2017,2016
Comores,2016-2018,0.0,2016,2018,2017
Comores,2017-2019,0.0,2017,2019,2018
Congo,2012-2014,1400000.0,2012,2014,2013
Congo,2013-2015,1200000.0,2013,2015,2014
Congo,2014-2016,1200000.0,2014,2016,2015
Congo,2015-2017,1300000.0,2015,2017,2016
Congo,2016-2018,1400000.0,2016,2018,2017
Congo,2017-2019,1500000.0,2017,2019,2018
Costa Rica,2012-2014,200000.0,2012,2014,2013
Costa Rica,2013-2015,200000.0,2013,2015,2014
Costa Rica,2014-2016,200000.0,2014,2016,2015
Costa Rica,2015-2017,200000.0,2015,2017,2016
Costa Rica,2016-2018,200000.0,2016,2018,2017
Costa Rica,2017-2019,200000.0,2017,2019,2018
Côte D'Ivoire,2012-2014,4800000.0,2012,2014,2013
Côte D'Ivoire,2013-2015,4600000.0,2013,2015,2014
Côte D'Ivoire,2014-2016,4600000.0,2014,2016,2015
Côte D'Ivoire,2015-2017,4600000.0,2015,2017,2016
Côte D'Ivoire,2016-2018,4900000.0,2016,2018,2017
Côte D'Ivoire,2017-2019,5000000.0,2017,2019,2018
Croatie,2012-2014,0.0,2012,2014,2013
Croatie,2013-2015,0.0,2013,2015,2014
Croatie,2014-2016,0.0,2014,2016,2015
Croatie,2015-2017,0.0,2015,2017,2016
Croatie,2016-2018,0.0,2016,2018,2017
Croatie,2017-2019,0.0,2017,2019,2018
Cuba,2012-2014,0.0,2012,2014,2013
Cuba,2013-2015,0.0,2013,2015,2014
Cuba,2014-2016,0.0,2014,2016,2015
Cuba,2015-2017,0.0,2015,2017,2016
Cuba,2016-2018,0.0,2016,2018,2017
Cuba,2017-2019,0.0,2017,2019,2018
Danemark,2012-2014,0.0,2012,2014,2013
Danemark,2013-2015,0.0,2013,2015,2014
Danemark,2014-2016,0.0,2014,2016,2015
Danemark,2015-2017,0.0,2015,2017,2016
Danemark,2016-2018,0.0,2016,2018,2017
Danemark,2017-2019,0.0,2017,2019,2018
Djibouti,2012-2014,0.0,2012,2014,2013
Djibouti,2013-2015,0.0,2013,2015,2014
Djibouti,2014-2016,0.0,2014,2016,2015
Djibouti,2015-2017,0.0,2015,2017,2016
Djibouti,2016-2018,0.0,2016,2018,2017
Djibouti,2017-2019,0.0,2017,2019,2018
Dominique,2012-2014,0.0,2012,2014,2013
Dominique,2013-2015,0.0,2013,2015,2014
Dominique,2014-2016,0.0,2014,2016,2015
Dominique,2015-2017,0.0,2015,2017,2016
Dominique,2016-2018,0.0,2016,2018,2017
Dominique,2017-2019,0.0,2017,2019,2018
Égypte,2012-2014,4400000.0,2012,2014,2013
Égypte,2013-2015,4300000.0,2013,2015,2014
Égypte,2014-2016,4200000.0,2014,2016,2015
Égypte,2015-2017,4500000.0,2015,2017,2016
Égypte,2016-2018,4600000.0,2016,2018,2017
Égypte,2017-2019,4600000.0,2017,2019,2018
El Salvador,2012-2014,700000.0,2012,2014,2013
El Salvador,2013-2015,700000.0,2013,2015,2014
El Salvador,2014-2016,700000.0,2014,2016,2015
El Salvador,2015-2017,600000.0,2015,2017,2016
El Salvador,2016-2018,600000.0,2016,2018,2017
El Salvador,2017-2019,600000.0,2017,2019,2018
Émirats Arabes Unis,2012-2014,300000.0,2012,2014,2013
Émirats Arabes Unis,2013-2015,300000.0,2013,2015,2014
Émirats Arabes Unis,2014-2016,300000.0,2014,2016,2015
Émirats Arabes Unis,2015-2017,300000.0,2015,2017,2016
Émirats Arabes Unis,2016-2018,300000.0,2016,2018,2017
Émirats Arabes Unis,2017-2019,300000.0,2017,2019,2018
Équateur,2012-2014,2300000.0,2012,2014,2013
Équateur,2013-2015,1900000.0,2013,2015,2014
Équateur,2014-2016,1400000.0,2014,2016,2015
Équateur,2015-2017,1500000.0,2015,2017,2016
Équateur,2016-2018,1500000.0,2016,2018,2017
Équateur,2017-2019,1500000.0,2017,2019,2018
Érythrée,2012-2014,0.0,2012,2014,2013
Érythrée,2013-2015,0.0,2013,2015,2014
Érythrée,2014-2016,0.0,2014,2016,2015
Érythrée,2015-2017,0.0,2015,2017,2016
Érythrée,2016-2018,0.0,2016,2018,2017
Érythrée,2017-2019,0.0,2017,2019,2018
Espagne,2012-2014,0.0,2012,2014,2013
Espagne,2013-2015,0.0,2013,2015,2014
Espagne,2014-2016,0.0,2014,2016,2015
Espagne,2015-2017,0.0,2015,2017,2016
Espagne,2016-2018,0.0,2016,2018,2017
Espagne,2017-2019,0.0,2017,2019,2018
Estonie,2012-2014,0.0,2012,2014,2013
Estonie,2013-2015,0.0,2013,2015,2014
Estonie,2014-2016,0.0,2014,2016,2015
Estonie,2015-2017,0.0,2015,2017,2016
Estonie,2016-2018,0.0,2016,2018,2017
Estonie,2017-2019,0.0,2017,2019,2018
Eswatini,2012-2014,100000.0,2012,2014,2013
Eswatini,2013-2015,200000.0,2013,2015,2014
Eswatini,2014-2016,200000.0,2014,2016,2015
Eswatini,2015-2017,200000.0,2015,2017,2016
Eswatini,2016-2018,200000.0,2016,2018,2017
Eswatini,2017-2019,200000.0,2017,2019,2018
États-Unis D'Amérique,2012-2014,0.0,2012,2014,2013
États-Unis D'Amérique,2013-2015,0.0,2013,2015,2014
États-Unis D'Amérique,2014-2016,0.0,2014,2016,2015
États-Unis D'Amérique,2015-2017,0.0,2015,2017,2016
États-Unis D'Amérique,2016-2018,0.0,2016,2018,2017
États-Unis D'Amérique,2017-2019,0.0,2017,2019,2018
Éthiopie,2012-2014,26200000.0,2012,2014,2013
Éthiopie,2013-2015,24300000.0,2013,2015,2014
Éthiopie,2014-2016,21700000.0,2014,2016,2015
Éthiopie,2015-2017,21300000.0,2015,2017,2016
Éthiopie,2016-2018,21100000.0,2016,2018,2017
Éthiopie,2017-2019,21500000.0,2017,2019,2018
Fédération De Russie,2012-2014,0.0,2012,2014,2013
Fédération De Russie,2013-2015,0.0,2013,2015,2014
Fédération De Russie,2014-2016,0.0,2014,2016,2015
Fédération De Russie,2015-2017,0.0,2015,2017,2016
Fédération De Russie,2016-2018,0.0,2016,2018,2017
Fédération De Russie,2017-2019,0.0,2017,2019,2018
Fidji,2012-2014,0.0,2012,2014,2013
Fidji,2013-2015,0.0,2013,2015,2014
Fidji,2014-2016,0.0,2014,2016,2015
Fidji,2015-2017,0.0,2015,2017,2016
Fidji,2016-2018,0.0,2016,2018,2017
Fidji,2017-2019,0.0,2017,2019,2018
Finlande,2012-2014,0.0,2012,2014,2013
Finlande,2013-2015,0.0,2013,2015,2014
Finlande,2014-2016,0.0,2014,2016,2015
Finlande,2015-2017,0.0,2015,2017,2016
Finlande,2016-2018,0.0,2016,2018,2017
Finlande,2017-2019,0.0,2017,2019,2018
France,2012-2014,0.0,2012,2014,2013
France,2013-2015,0.0,2013,2015,2014
France,2014-2016,0.0,2014,2016,2015
France,2015-2017,0.0,2015,2017,2016
France,2016-2018,0.0,2016,2018,2017
France,2017-2019,0.0,2017,2019,2018
Gabon,2012-2014,300000.0,2012,2014,2013
Gabon,2013-2015,300000.0,2013,2015,2014
Gabon,2014-2016,300000.0,2014,2016,2015
Gabon,2015-2017,300000.0,2015,2017,2016
Gabon,2016-2018,300000.0,2016,2018,2017
Gabon,2017-2019,400000.0,2017,2019,2018
Gambie,2012-2014,200000.0,2012,2014,2013
Gambie,2013-2015,200000.0,2013,2015,2014
Gambie,2014-2016,200000.0,2014,2016,2015
Gambie,2015-2017,300000.0,2015,2017,2016
Gambie,2016-2018,300000.0,2016,2018,2017
Gambie,2017-2019,300000.0,2017,2019,2018
Géorgie,2012-2014,200000.0,2012,2014,2013
Géorgie,2013-2015,200000.0,2013,2015,2014
Géorgie,2014-2016,200000.0,2014,2016,2015
Géorgie,2015-2017,200000.0,2015,2017,2016
Géorgie,2016-2018,300000.0,2016,2018,2017
Géorgie,2017-2019,300000.0,2017,2019,2018
Ghana,2012-2014,1900000.0,2012,2014,2013
Ghana,2013-2015,2100000.0,2013,2015,2014
Ghana,2014-2016,2100000.0,2014,2016,2015
Ghana,2015-2017,2100000.0,2015,2017,2016
Ghana,2016-2018,2000000.0,2016,2018,2017
Ghana,2017-2019,1900000.0,2017,2019,2018
Grèce,2012-2014,0.0,2012,2014,2013
Grèce,2013-2015,0.0,2013,2015,2014
Grèce,2014-2016,0.0,2014,2016,2015
Grèce,2015-2017,0.0,2015,2017,2016
Grèce,2016-2018,0.0,2016,2018,2017
Grèce,2017-2019,0.0,2017,2019,2018
Grenade,2012-2014,0.0,2012,2014,2013
Grenade,2013-2015,0.0,2013,2015,2014
Grenade,2014-2016,0.0,2014,2016,2015
Grenade,2015-2017,0.0,2015,2017,2016
Grenade,2016-2018,0.0,2016,2018,2017
Grenade,2017-2019,0.0,2017,2019,2018
Groenland,2012-2014,0.0,2012,2014,2013
Groenland,2013-2015,0.0,2013,2015,2014
Groenland,2014-2016,0.0,2014,2016,2015
Groenland,2015-2017,0.0,2015,2017,2016
Groenland,2016-2018,0.0,2016,2018,2017
Groenland,2017-2019,0.0,2017,2019,2018
Guatemala,2012-2014,2900000.0,2012,2014,2013
Guatemala,2013-2015,2800000.0,2013,2015,2014
Guatemala,2014-2016,2800000.0,2014,2016,2015
Guatemala,2015-2017,2700000.0,2015,2017,2016
Guatemala,2016-2018,2700000.0,2016,2018,2017
Guatemala,2017-2019,2800000.0,2017,2019,2018
Guinée,2012-2014,0.0,2012,2014,2013
Guinée,2013-2015,0.0,2013,2015,2014
Guinée,2014-2016,0.0,2014,2016,2015
Guinée,2015-2017,0.0,2015,2017,2016
Guinée,2016-2018,0.0,2016,2018,2017
Guinée,2017-2019,0.0,2017,2019,2018
Guinée Équatoriale,2012-2014,0.0,2012,2014,2013
Guinée Équatoriale,2013-2015,0.0,2013,2015,2014
Guinée Équatoriale,2014-2016,0.0,2014,2016,2015
Guinée Équatoriale,2015-2017,0.0,2015,2017,2016
Guinée Équatoriale,2016-2018,0.0,2016,2018,2017
Guinée Équatoriale,2017-2019,0.0,2017,2019,2018
Guinée-Bissau,2012-2014,0.0,2012,2014,2013
Guinée-Bissau,2013-2015,0.0,2013,2015,2014
Guinée-Bissau,2014-2016,0.0,2014,2016,2015
Guinée-Bissau,2015-2017,0.0,2015,2017,2016
Guinée-Bissau,2016-2018,0.0,2016,2018,2017
Guinée-Bissau,2017-2019,0.0,2017,2019,2018
Guyana,2012-2014,0.0,2012,2014,2013
Guyana,2013-2015,0.0,2013,2015,2014
Guyana,2014-2016,0.0,2014,2016,2015
Guyana,2015-2017,0.0,2015,2017,2016
Guyana,2016-2018,0.0,2016,2018,2017
Guyana,2017-2019,0.0,2017,2019,2018
Haïti,2012-2014,5100000.0,2012,2014,2013
Haïti,2013-2015,5100000.0,2013,2015,2014
Haïti,2014-2016,5100000.0,2014,2016,2015
Haïti,2015-2017,5200000.0,2015,2017,2016
Haïti,2016-2018,5300000.0,2016,2018,2017
Haïti,2017-2019,5400000.0,2017,2019,2018
Honduras,2012-2014,1700000.0,2012,2014,2013
Honduras,2013-2015,1500000.0,2013,2015,2014
Honduras,2014-2016,1400000.0,2014,2016,2015
Honduras,2015-2017,1300000.0,2015,2017,2016
Honduras,2016-2018,1300000.0,2016,2018,2017
Honduras,2017-2019,1300000.0,2017,2019,2018
Hongrie,2012-2014,0.0,2012,2014,2013
Hongrie,2013-2015,0.0,2013,2015,2014
Hongrie,2014-2016,0.0,2014,2016,2015
Hongrie,2015-2017,0.0,2015,2017,2016
Hongrie,2016-2018,0.0,2016,2018,2017
Hongrie,2017-2019,0.0,2017,2019,2018
Îles Cook,2012-2014,0.0,2012,2014,2013
Îles Cook,2013-2015,0.0,2013,2015,2014
Îles Cook,2014-2016,0.0,2014,2016,2015
Îles Cook,2015-2017,0.0,2015,2017,2016
Îles Cook,2016-2018,0.0,2016,2018,2017
Îles Cook,2017-2019,0.0,2017,2019,2018
Îles Marshall,2012-2014,0.0,2012,2014,2013
Îles Marshall,2013-2015,0.0,2013,2015,2014
Îles Marshall,2014-2016,0.0,2014,2016,2015
Îles Marshall,2015-2017,0.0,2015,2017,2016
Îles Marshall,2016-2018,0.0,2016,2018,2017
Îles Marshall,2017-2019,0.0,2017,2019,2018
Îles Salomon,2012-2014,0.0,2012,2014,2013
Îles Salomon,2013-2015,0.0,2013,2015,2014
Îles Salomon,2014-2016,0.0,2014,2016,2015
Îles Salomon,2015-2017,0.0,2015,2017,2016
Îles Salomon,2016-2018,0.0,2016,2018,2017
Îles Salomon,2017-2019,0.0,2017,2019,2018
Inde,2012-2014,203800000.0,2012,2014,2013
Inde,2013-2015,198300000.0,2013,2015,2014
Inde,2014-2016,193100000.0,2014,2016,2015
Inde,2015-2017,190900000.0,2015,2017,2016
Inde,2016-2018,190100000.0,2016,2018,2017
Inde,2017-2019,189200000.0,2017,2019,2018
Indonésie,2012-2014,22400000.0,2012,2014,2013
Indonésie,2013-2015,23600000.0,2013,2015,2014
Indonésie,2014-2016,24000000.0,2014,2016,2015
Indonésie,2015-2017,24000000.0,2015,2017,2016
Indonésie,2016-2018,23600000.0,2016,2018,2017
Indonésie,2017-2019,24100000.0,2017,2019,2018
Iran (République Islamique D'),2012-2014,3600000.0,2012,2014,2013
Iran (République Islamique D'),2013-2015,3700000.0,2013,2015,2014
Iran (République Islamique D'),2014-2016,3900000.0,2014,2016,2015
Iran (République Islamique D'),2015-2017,3900000.0,2015,2017,2016
Iran (République Islamique D'),2016-2018,3900000.0,2016,2018,2017
Iran (République Islamique D'),2017-2019,3900000.0,2017,2019,2018
Iraq,2012-2014,7300000.0,2012,2014,2013
Iraq,2013-2015,7800000.0,2013,2015,2014
Iraq,2014-2016,8400000.0,2014,2016,2015
Iraq,2015-2017,8800000.0,2015,2017,2016
Iraq,2016-2018,9000000.0,2016,2018,2017
Iraq,2017-2019,9100000.0,2017,2019,2018
Irlande,2012-2014,0.0,2012,2014,2013
Irlande,2013-2015,0.0,2013,2015,2014
Irlande,2014-2016,0.0,2014,2016,2015
Irlande,2015-2017,0.0,2015,2017,2016
Irlande,2016-2018,0.0,2016,2018,2017
Irlande,2017-2019,0.0,2017,2019,2018
Islande,2012-2014,0.0,2012,2014,2013
Islande,2013-2015,0.0,2013,2015,2014
Islande,2014-2016,0.0,2014,2016,2015
Islande,2015-2017,0.0,2015,2017,2016
Islande,2016-2018,0.0,2016,2018,2017
Islande,2017-2019,0.0,2017,2019,2018
Israël,2012-2014,0.0,2012,2014,2013
Israël,2013-2015,0.0,2013,2015,2014
Israël,2014-2016,0.0,2014,2016,2015
Israël,2015-2017,0.0,2015,2017,2016
Israël,2016-2018,0.0,2016,2018,2017
Israël,2017-2019,0.0,2017,2019,2018
Italie,2012-2014,0.0,2012,2014,2013
Italie,2013-2015,0.0,2013,2015,2014
Italie,2014-2016,0.0,2014,2016,2015
Italie,2015-2017,0.0,2015,2017,2016
Italie,2016-2018,0.0,2016,2018,2017
Italie,2017-2019,0.0,2017,2019,2018
Jamaïque,2012-2014,300000.0,2012,2014,2013
Jamaïque,2013-2015,300000.0,2013,2015,2014
Jamaïque,2014-2016,300000.0,2014,2016,2015
Jamaïque,2015-2017,300000.0,2015,2017,2016
Jamaïque,2016-2018,300000.0,2016,2018,2017
Jamaïque,2017-2019,300000.0,2017,2019,2018
Japon,2012-2014,0.0,2012,2014,2013
Japon,2013-2015,0.0,2013,2015,2014
Japon,2014-2016,0.0,2014,2016,2015
Japon,2015-2017,0.0,2015,2017,2016
Japon,2016-2018,0.0,2016,2018,2017
Japon,2017-2019,0.0,2017,2019,2018
Jordanie,2012-2014,800000.0,2012,2014,2013
Jordanie,2013-2015,800000.0,2013,2015,2014
Jordanie,2014-2016,800000.0,2014,2016,2015
Jordanie,2015-2017,800000.0,2015,2017,2016
Jordanie,2016-2018,800000.0,2016,2018,2017
Jordanie,2017-2019,900000.0,2017,2019,2018
Kazakhstan,2012-2014,500000.0,2012,2014,2013
Kazakhstan,2013-2015,0.0,2013,2015,2014
Kazakhstan,2014-2016,0.0,2014,2016,2015
Kazakhstan,2015-2017,0.0,2015,2017,2016
Kazakhstan,2016-2018,0.0,2016,2018,2017
Kazakhstan,2017-2019,0.0,2017,2019,2018
Kenya,2012-2014,10100000.0,2012,2014,2013
Kenya,2013-2015,10000000.0,2013,2015,2014
Kenya,2014-2016,10700000.0,2014,2016,2015
Kenya,2015-2017,11500000.0,2015,2017,2016
Kenya,2016-2018,11900000.0,2016,2018,2017
Kenya,2017-2019,11800000.0,2017,2019,2018
Kirghizistan,2012-2014,400000.0,2012,2014,2013
Kirghizistan,2013-2015,400000.0,2013,2015,2014
Kirghizistan,2014-2016,400000.0,2014,2016,2015
Kirghizistan,2015-2017,400000.0,2015,2017,2016
Kirghizistan,2016-2018,400000.0,2016,2018,2017
Kirghizistan,2017-2019,400000.0,2017,2019,2018
Kiribati,2012-2014,0.0,2012,2014,2013
Kiribati,2013-2015,0.0,2013,2015,2014
Kiribati,2014-2016,0.0,2014,2016,2015
Kiribati,2015-2017,0.0,2015,2017,2016
Kiribati,2016-2018,0.0,2016,2018,2017
Kiribati,2017-2019,0.0,2017,2019,2018
Koweït,2012-2014,0.0,2012,2014,2013
Koweït,2013-2015,0.0,2013,2015,2014
Koweït,2014-2016,0.0,2014,2016,2015
Koweït,2015-2017,0.0,2015,2017,2016
Koweït,2016-2018,0.0,2016,2018,2017
Koweït,2017-2019,0.0,2017,2019,2018
Lesotho,2012-2014,300000.0,2012,2014,2013
Lesotho,2013-2015,500000.0,2013,2015,2014
Lesotho,2014-2016,800000.0,2014,2016,2015
Lesotho,2015-2017,800000.0,2015,2017,2016
Lesotho,2016-2018,800000.0,2016,2018,2017
Lesotho,2017-2019,700000.0,2017,2019,2018
Lettonie,2012-2014,0.0,2012,2014,2013
Lettonie,2013-2015,0.0,2013,2015,2014
Lettonie,2014-2016,0.0,2014,2016,2015
Lettonie,2015-2017,0.0,2015,2017,2016
Lettonie,2016-2018,0.0,2016,2018,2017
Lettonie,2017-2019,0.0,2017,2019,2018
Liban,2012-2014,700000.0,2012,2014,2013
Liban,2013-2015,600000.0,2013,2015,2014
Liban,2014-2016,400000.0,2014,2016,2015
Liban,2015-2017,400000.0,2015,2017,2016
Liban,2016-2018,400000.0,2016,2018,2017
Liban,2017-2019,400000.0,2017,2019,2018
Libéria,2012-2014,1500000.0,2012,2014,2013
Libéria,2013-2015,1600000.0,2013,2015,2014
Libéria,2014-2016,1700000.0,2014,2016,2015
Libéria,2015-2017,1800000.0,2015,2017,2016
Libéria,2016-2018,1800000.0,2016,2018,2017
Libéria,2017-2019,1800000.0,2017,2019,2018
Libye,2012-2014,0.0,2012,2014,2013
Libye,2013-2015,0.0,2013,2015,2014
Libye,2014-2016,0.0,2014,2016,2015
Libye,2015-2017,0.0,2015,2017,2016
Libye,2016-2018,0.0,2016,2018,2017
Libye,2017-2019,0.0,2017,2019,2018
Lituanie,2012-2014,0.0,2012,2014,2013
Lituanie,2013-2015,0.0,2013,2015,2014
Lituanie,2014-2016,0.0,2014,2016,2015
Lituanie,2015-2017,0.0,2015,2017,2016
Lituanie,2016-2018,0.0,2016,2018,2017
Lituanie,2017-2019,0.0,2017,2019,2018
Luxembourg,2012-2014,0.0,2012,2014,2013
Luxembourg,2013-2015,0.0,2013,2015,2014
Luxembourg,2014-2016,0.0,2014,2016,2015
Luxembourg,2015-2017,0.0,2015,2017,2016
Luxembourg,2016-2018,0.0,2016,2018,2017
Luxembourg,2017-2019,0.0,2017,2019,2018
Macédoine Du Nord,2012-2014,0.0,2012,2014,2013
Macédoine Du Nord,2013-2015,0.0,2013,2015,2014
Macédoine Du Nord,2014-2016,0.0,2014,2016,2015
Macédoine Du Nord,2015-2017,0.0,2015,2017,2016
Macédoine Du Nord,2016-2018,0.0,2016,2018,2017
Macédoine Du Nord,2017-2019,0.0,2017,2019,2018
Madagascar,2012-2014,7600000.0,2012,2014,2013
Madagascar,2013-2015,8700000.0,2013,2015,2014
Madagascar,2014-2016,9700000.0,2014,2016,2015
Madagascar,2015-2017,10300000.0,2015,2017,2016
Madagascar,2016-2018,10500000.0,2016,2018,2017
Madagascar,2017-2019,11000000.0,2017,2019,2018
Malaisie,2012-2014,1000000.0,2012,2014,2013
Malaisie,2013-2015,1100000.0,2013,2015,2014
Malaisie,2014-2016,1200000.0,2014,2016,2015
Malaisie,2015-2017,1100000.0,2015,2017,2016
Malaisie,2016-2018,1000000.0,2016,2018,2017
Malaisie,2017-2019,900000.0,2017,2019,2018
Malawi,2012-2014,2700000.0,2012,2014,2013
Malawi,2013-2015,2700000.0,2013,2015,2014
Malawi,2014-2016,2900000.0,2014,2016,2015
Malawi,2015-2017,2900000.0,2015,2017,2016
Malawi,2016-2018,3300000.0,2016,2018,2017
Malawi,2017-2019,3400000.0,2017,2019,2018
Maldives,2012-2014,0.0,2012,2014,2013
Maldives,2013-2015,0.0,2013,2015,2014
Maldives,2014-2016,0.0,2014,2016,2015
Maldives,2015-2017,0.0,2015,2017,2016
Maldives,2016-2018,0.0,2016,2018,2017
Maldives,2017-2019,0.0,2017,2019,2018
Mali,2012-2014,1100000.0,2012,2014,2013
Mali,2013-2015,1000000.0,2013,2015,2014
Mali,2014-2016,900000.0,2014,2016,2015
Mali,2015-2017,900000.0,2015,2017,2016
Mali,2016-2018,1000000.0,2016,2018,2017
Mali,2017-2019,1000000.0,2017,2019,2018
Malte,2012-2014,0.0,2012,2014,2013
Malte,2013-2015,0.0,2013,2015,2014
Malte,2014-2016,0.0,2014,2016,2015
Malte,2015-2017,0.0,2015,2017,2016
Malte,2016-2018,0.0,2016,2018,2017
Malte,2017-2019,0.0,2017,2019,2018
Maroc,2012-2014,1500000.0,2012,2014,2013
Maroc,2013-2015,1400000.0,2013,2015,2014
Maroc,2014-2016,1300000.0,2014,2016,2015
Maroc,2015-2017,1300000.0,2015,2017,2016
Maroc,2016-2018,1400000.0,2016,2018,2017
Maroc,2017-2019,1600000.0,2017,2019,2018
Maurice,2012-2014,0.0,2012,2014,2013
Maurice,2013-2015,0.0,2013,2015,2014
Maurice,2014-2016,0.0,2014,2016,2015
Maurice,2015-2017,0.0,2015,2017,2016
Maurice,2016-2018,0.0,2016,2018,2017
Maurice,2017-2019,0.0,2017,2019,2018
Mauritanie,2012-2014,300000.0,2012,2014,2013
Mauritanie,2013-2015,300000.0,2013,2015,2014
Mauritanie,2014-2016,400000.0,2014,2016,2015
Mauritanie,2015-2017,500000.0,2015,2017,2016
Mauritanie,2016-2018,500000.0,2016,2018,2017
Mauritanie,2017-2019,500000.0,2017,2019,2018
Mexique,2012-2014,4900000.0,2012,2014,2013
Mexique,2013-2015,5500000.0,2013,2015,2014
Mexique,2014-2016,6800000.0,2014,2016,2015
Mexique,2015-2017,7900000.0,2015,2017,2016
Mexique,2016-2018,8400000.0,2016,2018,2017
Mexique,2017-2019,9000000.0,2017,2019,2018
Micronésie (États Fédérés De),2012-2014,0.0,2012,2014,2013
Micronésie (États Fédérés De),2013-2015,0.0,2013,2015,2014
Micronésie (États Fédérés De),2014-2016,0.0,2014,2016,2015
Micronésie (États Fédérés De),2015-2017,0.0,2015,2017,2016
Micronésie (États Fédérés De),2016-2018,0.0,2016,2018,2017
Micronésie (États Fédérés De),2017-2019,0.0,2017,2019,2018
Mongolie,2012-2014,500000.0,2012,2014,2013
Mongolie,2013-2015,600000.0,2013,2015,2014
Mongolie,2014-2016,600000.0,2014,2016,2015
Mongolie,2015-2017,600000.0,2015,2017,2016
Mongolie,2016-2018,600000.0,2016,2018,2017
Mongolie,2017-2019,700000.0,2017,2019,2018
Monténégro,2012-2014,0.0,2012,2014,2013
Monténégro,2013-2015,0.0,2013,2015,2014
Monténégro,2014-2016,0.0,2014,2016,2015
Monténégro,2015-2017,0.0,2015,2017,2016
Monténégro,2016-2018,0.0,2016,2018,2017
Monténégro,2017-2019,0.0,2017,2019,2018
Mozambique,2012-2014,5900000.0,2012,2014,2013
Mozambique,2013-2015,7000000.0,2013,2015,2014
Mozambique,2014-2016,8400000.0,2014,2016,2015
Mozambique,2015-2017,9200000.0,2015,2017,2016
Mozambique,2016-2018,9400000.0,2016,2018,2017
Mozambique,2017-2019,9600000.0,2017,2019,2018
Myanmar,2012-2014,6700000.0,2012,2014,2013
Myanmar,2013-2015,7100000.0,2013,2015,2014
Myanmar,2014-2016,7300000.0,2014,2016,2015
Myanmar,2015-2017,7200000.0,2015,2017,2016
Myanmar,2016-2018,7300000.0,2016,2018,2017
Myanmar,2017-2019,7600000.0,2017,2019,2018
Namibie,2012-2014,500000.0,2012,2014,2013
Namibie,2013-2015,400000.0,2013,2015,2014
Namibie,2014-2016,300000.0,2014,2016,2015
Namibie,2015-2017,300000.0,2015,2017,2016
Namibie,2016-2018,300000.0,2016,2018,2017
Namibie,2017-2019,400000.0,2017,2019,2018
Nauru,2012-2014,0.0,2012,2014,2013
Nauru,2013-2015,0.0,2013,2015,2014
Nauru,2014-2016,0.0,2014,2016,2015
Nauru,2015-2017,0.0,2015,2017,2016
Nauru,2016-2018,0.0,2016,2018,2017
Nauru,2017-2019,0.0,2017,2019,2018
Népal,2012-2014,1800000.0,2012,2014,2013
Népal,2013-2015,1700000.0,2013,2015,2014
Népal,2014-2016,1700000.0,2014,2016,2015
Népal,2015-2017,1600000.0,2015,2017,2016
Népal,2016-2018,1700000.0,2016,2018,2017
Népal,2017-2019,1700000.0,2017,2019,2018
Nicaragua,2012-2014,1100000.0,2012,2014,2013
Nicaragua,2013-2015,1200000.0,2013,2015,2014
Nicaragua,2014-2016,1200000.0,2014,2016,2015
Nicaragua,2015-2017,1100000.0,2015,2017,2016
Nicaragua,2016-2018,1100000.0,2016,2018,2017
Nicaragua,2017-2019,1100000.0,2017,2019,2018
Niger,2012-2014,0.0,2012,2014,2013
Niger,2013-2015,0.0,2013,2015,2014
Niger,2014-2016,0.0,2014,2016,2015
Niger,2015-2017,0.0,2015,2017,2016
Niger,2016-2018,0.0,2016,2018,2017
Niger,2017-2019,0.0,2017,2019,2018
Nigéria,2012-2014,14700000.0,2012,2014,2013
Nigéria,2013-2015,17400000.0,2013,2015,2014
Nigéria,2014-2016,20200000.0,2014,2016,2015
Nigéria,2015-2017,22200000.0,2015,2017,2016
Nigéria,2016-2018,22800000.0,2016,2018,2017
Nigéria,2017-2019,24600000.0,2017,2019,2018
Nioué,2012-2014,0.0,2012,2014,2013
Nioué,2013-2015,0.0,2013,2015,2014
Nioué,2014-2016,0.0,2014,2016,2015
Nioué,2015-2017,0.0,2015,2017,2016
Nioué,2016-2018,0.0,2016,2018,2017
Nioué,2017-2019,0.0,2017,2019,2018
Norvège,2012-2014,0.0,2012,2014,2013
Norvège,2013-2015,0.0,2013,2015,2014
Norvège,2014-2016,0.0,2014,2016,2015
Norvège,2015-2017,0.0,2015,2017,2016
Norvège,2016-2018,0.0,2016,2018,2017
Norvège,2017-2019,0.0,2017,2019,2018
Nouvelle-Calédonie,2012-2014,0.0,2012,2014,2013
Nouvelle-Calédonie,2013-2015,0.0,2013,2015,2014
Nouvelle-Calédonie,2014-2016,0.0,2014,2016,2015
Nouvelle-Calédonie,2015-2017,0.0,2015,2017,2016
Nouvelle-Calédonie,2016-2018,0.0,2016,2018,2017
Nouvelle-Calédonie,2017-2019,0.0,2017,2019,2018
Nouvelle-Zélande,2012-2014,0.0,2012,2014,2013
Nouvelle-Zélande,2013-2015,0.0,2013,2015,2014
Nouvelle-Zélande,2014-2016,0.0,2014,2016,2015
Nouvelle-Zélande,2015-2017,0.0,2015,2017,2016
Nouvelle-Zélande,2016-2018,0.0,2016,2018,2017
Nouvelle-Zélande,2017-2019,0.0,2017,2019,2018
Oman,2012-2014,300000.0,2012,2014,2013
Oman,2013-2015,300000.0,2013,2015,2014
Oman,2014-2016,300000.0,2014,2016,2015
Oman,2015-2017,400000.0,2015,2017,2016
Oman,2016-2018,400000.0,2016,2018,2017
Oman,2017-2019,400000.0,2017,2019,2018
Ouganda,2012-2014,0.0,2012,2014,2013
Ouganda,2013-2015,0.0,2013,2015,2014
Ouganda,2014-2016,0.0,2014,2016,2015
Ouganda,2015-2017,0.0,2015,2017,2016
Ouganda,2016-2018,0.0,2016,2018,2017
Ouganda,2017-2019,0.0,2017,2019,2018
Ouzbékistan,2012-2014,2000000.0,2012,2014,2013
Ouzbékistan,2013-2015,1400000.0,2013,2015,2014
Ouzbékistan,2014-2016,900000.0,2014,2016,2015
Ouzbékistan,2015-2017,900000.0,2015,2017,2016
Ouzbékistan,2016-2018,900000.0,2016,2018,2017
Ouzbékistan,2017-2019,800000.0,2017,2019,2018
Pakistan,2012-2014,31100000.0,2012,2014,2013
Pakistan,2013-2015,28500000.0,2013,2015,2014
Pakistan,2014-2016,25400000.0,2014,2016,2015
Pakistan,2015-2017,24600000.0,2015,2017,2016
Pakistan,2016-2018,24800000.0,2016,2018,2017
Pakistan,2017-2019,26100000.0,2017,2019,2018
Palaos,2012-2014,0.0,2012,2014,2013
Palaos,2013-2015,0.0,2013,2015,2014
Palaos,2014-2016,0.0,2014,2016,2015
Palaos,2015-2017,0.0,2015,2017,2016
Palaos,2016-2018,0.0,2016,2018,2017
Palaos,2017-2019,0.0,2017,2019,2018
Palestine,2012-2014,0.0,2012,2014,2013
Palestine,2013-2015,0.0,2013,2015,2014
Palestine,2014-2016,0.0,2014,2016,2015
Palestine,2015-2017,0.0,2015,2017,2016
Palestine,2016-2018,0.0,2016,2018,2017
Palestine,2017-2019,0.0,2017,2019,2018
Panama,2012-2014,300000.0,2012,2014,2013
Panama,2013-2015,300000.0,2013,2015,2014
Panama,2014-2016,300000.0,2014,2016,2015
Panama,2015-2017,300000.0,2015,2017,2016
Panama,2016-2018,300000.0,2016,2018,2017
Panama,2017-2019,300000.0,2017,2019,2018
Papouasie-Nouvelle-Guinée,2012-2014,0.0,2012,2014,2013
Papouasie-Nouvelle-Guinée,2013-2015,0.0,2013,2015,2014
Papouasie-Nouvelle-Guinée,2014-2016,0.0,2014,2016,2015
Papouasie-Nouvelle-Guinée,2015-2017,0.0,2015,2017,2016
Papouasie-Nouvelle-Guinée,2016-2018,0.0,2016,2018,2017
Papouasie-Nouvelle-Guinée,2017-2019,0.0,2017,2019,2018
Paraguay,2012-2014,500000.0,2012,2014,2013
Paraguay,2013-2015,500000.0,2013,2015,2014
Paraguay,2014-2016,500000.0,2014,2016,2015
Paraguay,2015-2017,600000.0,2015,2017,2016
Paraguay,2016-2018,600000.0,2016,2018,2017
Paraguay,2017-2019,600000.0,2017,2019,2018
Pays-Bas,2012-2014,0.0,2012,2014,2013
Pays-Bas,2013-2015,0.0,2013,2015,2014
Pays-Bas,2014-2016,0.0,2014,2016,2015
Pays-Bas,2015-2017,0.0,2015,2017,2016
Pays-Bas,2016-2018,0.0,2016,2018,2017
Pays-Bas,2017-2019,0.0,2017,2019,2018
Pérou,2012-2014,1700000.0,2012,2014,2013
Pérou,2013-2015,1800000.0,2013,2015,2014
Pérou,2014-2016,2000000.0,2014,2016,2015
Pérou,2015-2017,2100000.0,2015,2017,2016
Pérou,2016-2018,2200000.0,2016,2018,2017
Pérou,2017-2019,2200000.0,2017,2019,2018
Philippines,2012-2014,14500000.0,2012,2014,2013
Philippines,2013-2015,15400000.0,2013,2015,2014
Philippines,2014-2016,16500000.0,2014,2016,2015
Philippines,2015-2017,15800000.0,2015,2017,2016
Philippines,2016-2018,15700000.0,2016,2018,2017
Philippines,2017-2019,15400000.0,2017,2019,2018
Pologne,2012-2014,0.0,2012,2014,2013
Pologne,2013-2015,0.0,2013,2015,2014
Pologne,2014-2016,0.0,2014,2016,2015
Pologne,2015-2017,0.0,2015,2017,2016
Pologne,2016-2018,0.0,2016,2018,2017
Pologne,2017-2019,0.0,2017,2019,2018
Polynésie Française,2012-2014,0.0,2012,2014,2013
Polynésie Française,2013-2015,0.0,2013,2015,2014
Polynésie Française,2014-2016,0.0,2014,2016,2015
Polynésie Française,2015-2017,0.0,2015,2017,2016
Polynésie Française,2016-2018,0.0,2016,2018,2017
Polynésie Française,2017-2019,0.0,2017,2019,2018
Porto Rico,2012-2014,0.0,2012,2014,2013
Porto Rico,2013-2015,0.0,2013,2015,2014
Porto Rico,2014-2016,0.0,2014,2016,2015
Porto Rico,2015-2017,0.0,2015,2017,2016
Porto Rico,2016-2018,0.0,2016,2018,2017
Porto Rico,2017-2019,0.0,2017,2019,2018
Portugal,2012-2014,0.0,2012,2014,2013
Portugal,2013-2015,0.0,2013,2015,2014
Portugal,2014-2016,0.0,2014,2016,2015
Portugal,2015-2017,0.0,2015,2017,2016
Portugal,2016-2018,0.0,2016,2018,2017
Portugal,2017-2019,0.0,2017,2019,2018
Qatar,2012-2014,0.0,2012,2014,2013
Qatar,2013-2015,0.0,2013,2015,2014
Qatar,2014-2016,0.0,2014,2016,2015
Qatar,2015-2017,0.0,2015,2017,2016
Qatar,2016-2018,0.0,2016,2018,2017
Qatar,2017-2019,0.0,2017,2019,2018
République Arabe Syrienne,2012-2014,0.0,2012,2014,2013
République Arabe Syrienne,2013-2015,0.0,2013,2015,2014
République Arabe Syrienne,2014-2016,0.0,2014,2016,2015
République Arabe Syrienne,2015-2017,0.0,2015,2017,2016
République Arabe Syrienne,2016-2018,0.0,2016,2018,2017
République Arabe Syrienne,2017-2019,0.0,2017,2019,2018
République Centrafricaine,2012-2014,0.0,2012,2014,2013
République Centrafricaine,2013-2015,0.0,2013,2015,2014
République Centrafricaine,2014-2016,0.0,2014,2016,2015
République Centrafricaine,2015-2017,0.0,2015,2017,2016
République Centrafricaine,2016-2018,0.0,2016,2018,2017
République Centrafricaine,2017-2019,0.0,2017,2019,2018
République De Corée,2012-2014,0.0,2012,2014,2013
République De Corée,2013-2015,0.0,2013,2015,2014
République De Corée,2014-2016,0.0,2014,2016,2015
République De Corée,2015-2017,0.0,2015,2017,2016
République De Corée,2016-2018,0.0,2016,2018,2017
République De Corée,2017-2019,0.0,2017,2019,2018
République De Moldova,2012-2014,0.0,2012,2014,2013
République De Moldova,2013-2015,0.0,2013,2015,2014
République De Moldova,2014-2016,0.0,2014,2016,2015
République De Moldova,2015-2017,0.0,2015,2017,2016
République De Moldova,2016-2018,0.0,2016,2018,2017
République De Moldova,2017-2019,0.0,2017,2019,2018
République Démocratique Du Congo,2012-2014,0.0,2012,2014,2013
République Démocratique Du Congo,2013-2015,0.0,2013,2015,2014
République Démocratique Du Congo,2014-2016,0.0,2014,2016,2015
République Démocratique Du Congo,2015-2017,0.0,2015,2017,2016
République Démocratique Du Congo,2016-2018,0.0,2016,2018,2017
République Démocratique Du Congo,2017-2019,0.0,2017,2019,2018
République Démocratique Populaire Lao,2012-2014,0.0,2012,2014,2013
République Démocratique Populaire Lao,2013-2015,0.0,2013,2015,2014
République Démocratique Populaire Lao,2014-2016,0.0,2014,2016,2015
République Démocratique Populaire Lao,2015-2017,0.0,2015,2017,2016
République Démocratique Populaire Lao,2016-2018,0.0,2016,2018,2017
République Démocratique Populaire Lao,2017-2019,0.0,2017,2019,2018
République Dominicaine,2012-2014,900000.0,2012,2014,2013
République Dominicaine,2013-2015,900000.0,2013,2015,2014
République Dominicaine,2014-2016,800000.0,2014,2016,2015
République Dominicaine,2015-2017,700000.0,2015,2017,2016
République Dominicaine,2016-2018,600000.0,2016,2018,2017
République Dominicaine,2017-2019,600000.0,2017,2019,2018
République Populaire Démocratique De Corée,2012-2014,10300000.0,2012,2014,2013
République Populaire Démocratique De Corée,2013-2015,10800000.0,2013,2015,2014
République Populaire Démocratique De Corée,2014-2016,11200000.0,2014,2016,2015
République Populaire Démocratique De Corée,2015-2017,11600000.0,2015,2017,2016
République Populaire Démocratique De Corée,2016-2018,12000000.0,2016,2018,2017
République Populaire Démocratique De Corée,2017-2019,12200000.0,2017,2019,2018
République-Unie De Tanzanie,2012-2014,13500000.0,2012,2014,2013
République-Unie De Tanzanie,2013-2015,13200000.0,2013,2015,2014
République-Unie De Tanzanie,2014-2016,12800000.0,2014,2016,2015
République-Unie De Tanzanie,2015-2017,13000000.0,2015,2017,2016
République-Unie De Tanzanie,2016-2018,13400000.0,2016,2018,2017
République-Unie De Tanzanie,2017-2019,14100000.0,2017,2019,2018
Roumanie,2012-2014,0.0,2012,2014,2013
Roumanie,2013-2015,0.0,2013,2015,2014
Roumanie,2014-2016,0.0,2014,2016,2015
Roumanie,2015-2017,0.0,2015,2017,2016
Roumanie,2016-2018,0.0,2016,2018,2017
Roumanie,2017-2019,0.0,2017,2019,2018
Royaume-Uni De Grande-Bretagne Et D'Irlande Du Nord,2012-2014,0.0,2012,2014,2013
Royaume-Uni De Grande-Bretagne Et D'Irlande Du Nord,2013-2015,0.0,2013,2015,2014
Royaume-Uni De Grande-Bretagne Et D'Irlande Du Nord,2014-2016,0.0,2014,2016,2015
Royaume-Uni De Grande-Bretagne Et D'Irlande Du Nord,2015-2017,0.0,2015,2017,2016
Royaume-Uni De Grande-Bretagne Et D'Irlande Du Nord,2016-2018,0.0,2016,2018,2017
Royaume-Uni De Grande-Bretagne Et D'Irlande Du Nord,2017-2019,0.0,2017,2019,2018
Rwanda,2012-2014,2800000.0,2012,2014,2013
Rwanda,2013-2015,3300000.0,2013,2015,2014
Rwanda,2014-2016,3900000.0,2014,2016,2015
Rwanda,2015-2017,4099999.9999999995,2015,2017,2016
Rwanda,2016-2018,4200000.0,2016,2018,2017
Rwanda,2017-2019,4400000.0,2017,2019,2018
Sainte-Lucie,2012-2014,0.0,2012,2014,2013
Sainte-Lucie,2013-2015,0.0,2013,2015,2014
Sainte-Lucie,2014-2016,0.0,2014,2016,2015
Sainte-Lucie,2015-2017,0.0,2015,2017,2016
Sainte-Lucie,2016-2018,0.0,2016,2018,2017
Sainte-Lucie,2017-2019,0.0,2017,2019,2018
Saint-Kitts-Et-Nevis,2012-2014,0.0,2012,2014,2013
Saint-Kitts-Et-Nevis,2013-2015,0.0,2013,2015,2014
Saint-Kitts-Et-Nevis,2014-2016,0.0,2014,2016,2015
Saint-Kitts-Et-Nevis,2015-2017,0.0,2015,2017,2016
Saint-Kitts-Et-Nevis,2016-2018,0.0,2016,2018,2017
Saint-Kitts-Et-Nevis,2017-2019,0.0,2017,2019,2018
Saint-Vincent-Et-Les Grenadines,2012-2014,0.0,2012,2014,2013
Saint-Vincent-Et-Les Grenadines,2013-2015,0.0,2013,2015,2014
Saint-Vincent-Et-Les Grenadines,2014-2016,0.0,2014,2016,2015
Saint-Vincent-Et-Les Grenadines,2015-2017,0.0,2015,2017,2016
Saint-Vincent-Et-Les Grenadines,2016-2018,0.0,2016,2018,2017
Saint-Vincent-Et-Les Grenadines,2017-2019,0.0,2017,2019,2018
Samoa,2012-2014,0.0,2012,2014,2013
Samoa,2013-2015,0.0,2013,2015,2014
Samoa,2014-2016,0.0,2014,2016,2015
Samoa,2015-2017,0.0,2015,2017,2016
Samoa,2016-2018,0.0,2016,2018,2017
Samoa,2017-2019,0.0,2017,2019,2018
Samoa Américaines,2012-2014,0.0,2012,2014,2013
Samoa Américaines,2013-2015,0.0,2013,2015,2014
Samoa Américaines,2014-2016,0.0,2014,2016,2015
Samoa Américaines,2015-2017,0.0,2015,2017,2016
Samoa Américaines,2016-2018,0.0,2016,2018,2017
Samoa Américaines,2017-2019,0.0,2017,2019,2018
Sao Tomé-Et-Principe,2012-2014,0.0,2012,2014,2013
Sao Tomé-Et-Principe,2013-2015,0.0,2013,2015,2014
Sao Tomé-Et-Principe,2014-2016,0.0,2014,2016,2015
Sao Tomé-Et-Principe,2015-2017,0.0,2015,2017,2016
Sao Tomé-Et-Principe,2016-2018,0.0,2016,2018,2017
Sao Tomé-Et-Principe,2017-2019,0.0,2017,2019,2018
Sénégal,2012-2014,1400000.0,2012,2014,2013
Sénégal,2013-2015,1600000.0,2013,2015,2014
Sénégal,2014-2016,1700000.0,2014,2016,2015
Sénégal,2015-2017,1500000.0,2015,2017,2016
Sénégal,2016-2018,1500000.0,2016,2018,2017
Sénégal,2017-2019,1500000.0,2017,2019,2018
Serbie,2012-2014,300000.0,2012,2014,2013
Serbie,2013-2015,300000.0,2013,2015,2014
Serbie,2014-2016,400000.0,2014,2016,2015
Serbie,2015-2017,400000.0,2015,2017,2016
Serbie,2016-2018,400000.0,2016,2018,2017
Serbie,2017-2019,400000.0,2017,2019,2018
Seychelles,2012-2014,0.0,2012,2014,2013
Seychelles,2013-2015,0.0,2013,2015,2014
Seychelles,2014-2016,0.0,2014,2016,2015
Seychelles,2015-2017,0.0,2015,2017,2016
Seychelles,2016-2018,0.0,2016,2018,2017
Seychelles,2017-2019,0.0,2017,2019,2018
Sierra Leone,2012-2014,2200000.0,2012,2014,2013
Sierra Leone,2013-2015,2100000.0,2013,2015,2014
Sierra Leone,2014-2016,2000000.0,2014,2016,2015
Sierra Leone,2015-2017,2000000.0,2015,2017,2016
Sierra Leone,2016-2018,2000000.0,2016,2018,2017
Sierra Leone,2017-2019,2000000.0,2017,2019,2018
Singapour,2012-2014,0.0,2012,2014,2013
Singapour,2013-2015,0.0,2013,2015,2014
Singapour,2014-2016,0.0,2014,2016,2015
Singapour,2015-2017,0.0,2015,2017,2016
Singapour,2016-2018,0.0,2016,2018,2017
Singapour,2017-2019,0.0,2017,2019,2018
Slovaquie,2012-2014,200000.0,2012,2014,2013
Slovaquie,2013-2015,300000.0,2013,2015,2014
Slovaquie,2014-2016,300000.0,2014,2016,2015
Slovaquie,2015-2017,400000.0,2015,2017,2016
Slovaquie,2016-2018,300000.0,2016,2018,2017
Slovaquie,2017-2019,300000.0,2017,2019,2018
Slovénie,2012-2014,0.0,2012,2014,2013
Slovénie,2013-2015,0.0,2013,2015,2014
Slovénie,2014-2016,0.0,2014,2016,2015
Slovénie,2015-2017,0.0,2015,2017,2016
Slovénie,2016-2018,0.0,2016,2018,2017
Slovénie,2017-2019,0.0,2017,2019,2018
Somalie,2012-2014,0.0,2012,2014,2013
Somalie,2013-2015,0.0,2013,2015,2014
Somalie,2014-2016,0.0,2014,2016,2015
Somalie,2015-2017,0.0,2015,2017,2016
Somalie,2016-2018,0.0,2016,2018,2017
Somalie,2017-2019,0.0,2017,2019,2018
Soudan,2012-2014,5900000.0,2012,2014,2013
Soudan,2013-2015,5100000.0,2013,2015,2014
Soudan,2014-2016,4400000.0,2014,2016,2015
Soudan,2015-2017,4800000.0,2015,2017,2016
Soudan,2016-2018,5000000.0,2016,2018,2017
Soudan,2017-2019,5200000.0,2017,2019,2018
Soudan Du Sud,2012-2014,0.0,2012,2014,2013
Soudan Du Sud,2013-2015,0.0,2013,2015,2014
Soudan Du Sud,2014-2016,0.0,2014,2016,2015
Soudan Du Sud,2015-2017,0.0,2015,2017,2016
Soudan Du Sud,2016-2018,0.0,2016,2018,2017
Soudan Du Sud,2017-2019,0.0,2017,2019,2018
Sri Lanka,2012-2014,1800000.0,2012,2014,2013
Sri Lanka,2013-2015,1800000.0,2013,2015,2014
Sri Lanka,2014-2016,1800000.0,2014,2016,2015
Sri Lanka,2015-2017,1700000.0,2015,2017,2016
Sri Lanka,2016-2018,1600000.0,2016,2018,2017
Sri Lanka,2017-2019,1600000.0,2017,2019,2018
Suède,2012-2014,0.0,2012,2014,2013
Suède,2013-2015,0.0,2013,2015,2014
Suède,2014-2016,0.0,2014,2016,2015
Suède,2015-2017,0.0,2015,2017,2016
Suède,2016-2018,0.0,2016,2018,2017
Suède,2017-2019,0.0,2017,2019,2018
Suisse,2012-2014,0.0,2012,2014,2013
Suisse,2013-2015,0.0,2013,2015,2014
Suisse,2014-2016,0.0,2014,2016,2015
Suisse,2015-2017,0.0,2015,2017,2016
Suisse,2016-2018,0.0,2016,2018,2017
Suisse,2017-2019,0.0,2017,2019,2018
Suriname,2012-2014,0.0,2012,2014,2013
Suriname,2013-2015,0.0,2013,2015,2014
Suriname,2014-2016,0.0,2014,2016,2015
Suriname,2015-2017,0.0,2015,2017,2016
Suriname,2016-2018,0.0,2016,2018,2017
Suriname,2017-2019,0.0,2017,2019,2018
Tadjikistan,2012-2014,0.0,2012,2014,2013
Tadjikistan,2013-2015,0.0,2013,2015,2014
Tadjikistan,2014-2016,0.0,2014,2016,2015
Tadjikistan,2015-2017,0.0,2015,2017,2016
Tadjikistan,2016-2018,0.0,2016,2018,2017
Tadjikistan,2017-2019,0.0,2017,2019,2018
Tchad,2012-2014,4900000.0,2012,2014,2013
Tchad,2013-2015,5000000.0,2013,2015,2014
Tchad,2014-2016,5000000.0,2014,2016,2015
Tchad,2015-2017,5300000.0,2015,2017,2016
Tchad,2016-2018,5700000.0,2016,2018,2017
Tchad,2017-2019,6100000.0,2017,2019,2018
Tchéquie,2012-2014,0.0,2012,2014,2013
Tchéquie,2013-2015,0.0,2013,2015,2014
Tchéquie,2014-2016,0.0,2014,2016,2015
Tchéquie,2015-2017,0.0,2015,2017,2016
Tchéquie,2016-2018,0.0,2016,2018,2017
Tchéquie,2017-2019,0.0,2017,2019,2018
Thaïlande,2012-2014,6200000.0,2012,2014,2013
Thaïlande,2013-2015,6000000.0,2013,2015,2014
Thaïlande,2014-2016,5900000.0,2014,2016,2015
Thaïlande,2015-2017,6000000.0,2015,2017,2016
Thaïlande,2016-2018,6200000.0,2016,2018,2017
Thaïlande,2017-2019,6500000.0,2017,2019,2018
Timor-Leste,2012-2014,400000.0,2012,2014,2013
Timor-Leste,2013-2015,400000.0,2013,2015,2014
Timor-Leste,2014-2016,400000.0,2014,2016,2015
Timor-Leste,2015-2017,400000.0,2015,2017,2016
Timor-Leste,2016-2018,400000.0,2016,2018,2017
Timor-Leste,2017-2019,400000.0,2017,2019,2018
Togo,2012-2014,1500000.0,2012,2014,2013
Togo,2013-2015,1500000.0,2013,2015,2014
Togo,2014-2016,1600000.0,2014,2016,2015
Togo,2015-2017,1600000.0,2015,2017,2016
Togo,2016-2018,1600000.0,2016,2018,2017
Togo,2017-2019,1600000.0,2017,2019,2018
Tokélaou,2012-2014,0.0,2012,2014,2013
Tokélaou,2013-2015,0.0,2013,2015,2014
Tokélaou,2014-2016,0.0,2014,2016,2015
Tokélaou,2015-2017,0.0,2015,2017,2016
Tokélaou,2016-2018,0.0,2016,2018,2017
Tokélaou,2017-2019,0.0,2017,2019,2018
Tonga,2012-2014,0.0,2012,2014,2013
Tonga,2013-2015,0.0,2013,2015,2014
Tonga,2014-2016,0.0,2014,2016,2015
Tonga,2015-2017,0.0,2015,2017,2016
Tonga,2016-2018,0.0,2016,2018,2017
Tonga,2017-2019,0.0,2017,2019,2018
Trinité-Et-Tobago,2012-2014,0.0,2012,2014,2013
Trinité-Et-Tobago,2013-2015,0.0,2013,2015,2014
Trinité-Et-Tobago,2014-2016,0.0,2014,2016,2015
Trinité-Et-Tobago,2015-2017,0.0,2015,2017,2016
Trinité-Et-Tobago,2016-2018,0.0,2016,2018,2017
Trinité-Et-Tobago,2017-2019,0.0,2017,2019,2018
Tunisie,2012-2014,300000.0,2012,2014,2013
Tunisie,2013-2015,300000.0,2013,2015,2014
Tunisie,2014-2016,0.0,2014,2016,2015
Tunisie,2015-2017,0.0,2015,2017,2016
Tunisie,2016-2018,0.0,2016,2018,2017
Tunisie,2017-2019,0.0,2017,2019,2018
Turkménistan,2012-2014,300000.0,2012,2014,2013
Turkménistan,2013-2015,200000.0,2013,2015,2014
Turkménistan,2014-2016,200000.0,2014,2016,2015
Turkménistan,2015-2017,200000.0,2015,2017,2016
Turkménistan,2016-2018,200000.0,2016,2018,2017
Turkménistan,2017-2019,200000.0,2017,2019,2018
Turquie,2012-2014,0.0,2012,2014,2013
Turquie,2013-2015,0.0,2013,2015,2014
Turquie,2014-2016,0.0,2014,2016,2015
Turquie,2015-2017,0.0,2015,2017,2016
Turquie,2016-2018,0.0,2016,2018,2017
Turquie,2017-2019,0.0,2017,2019,2018
Tuvalu,2012-2014,0.0,2012,2014,2013
Tuvalu,2013-2015,0.0,2013,2015,2014
Tuvalu,2014-2016,0.0,2014,2016,2015
Tuvalu,2015-2017,0.0,2015,2017,2016
Tuvalu,2016-2018,0.0,2016,2018,2017
Tuvalu,2017-2019,0.0,2017,2019,2018
Ukraine,2012-2014,0.0,2012,2014,2013
Ukraine,2013-2015,0.0,2013,2015,2014
Ukraine,2014-2016,1300000.0,2014,2016,2015
Ukraine,2015-2017,0.0,2015,2017,2016
Ukraine,2016-2018,1500000.0,2016,2018,2017
Ukraine,2017-2019,1600000.0,2017,2019,2018
Uruguay,2012-2014,0.0,2012,2014,2013
Uruguay,2013-2015,0.0,2013,2015,2014
Uruguay,2014-2016,0.0,2014,2016,2015
Uruguay,2015-2017,0.0,2015,2017,2016
Uruguay,2016-2018,0.0,2016,2018,2017
Uruguay,2017-2019,0.0,2017,2019,2018
Vanuatu,2012-2014,0.0,2012,2014,2013
Vanuatu,2013-2015,0.0,2013,2015,2014
Vanuatu,2014-2016,0.0,2014,2016,2015
Vanuatu,2015-2017,0.0,2015,2017,2016
Vanuatu,2016-2018,0.0,2016,2018,2017
Vanuatu,2017-2019,0.0,2017,2019,2018
Venezuela (République Bolivarienne Du),2012-2014,1400000.0,2012,2014,2013
Venezuela (République Bolivarienne Du),2013-2015,2600000.0,2013,2015,2014
Venezuela (République Bolivarienne Du),2014-2016,4200000.0,2014,2016,2015
Venezuela (République Bolivarienne Du),2015-2017,6200000.0,2015,2017,2016
Venezuela (République Bolivarienne Du),2016-2018,8000000.0,2016,2018,2017
Venezuela (République Bolivarienne Du),2017-2019,9100000.0,2017,2019,2018
Viet Nam,2012-2014,8900000.0,2012,2014,2013
Viet Nam,2013-2015,8300000.000000001,2013,2015,2014
Viet Nam,2014-2016,7600000.0,2014,2016,2015
Viet Nam,2015-2017,7100000.0,2015,2017,2016
Viet Nam,2016-2018,6500000.0,2016,2018,2017
Viet Nam,2017-2019,6100000.0,2017,2019,2018
Yémen,2012-2014,0.0,2012,2014,2013
Yémen,2013-2015,0.0,2013,2015,2014
Yémen,2014-2016,0.0,2014,2016,2015
Yémen,2015-2017,0.0,2015,2017,2016
Yémen,2016-2018,0.0,2016,2018,2017
Yémen,2017-2019,0.0,2017,2019,2018
Zambie,2012-2014,0.0,2012,2014,2013
Zambie,2013-2015,0.0,2013,2015,2014
Zambie,2014-2016,0.0,2014,2016,2015
Zambie,2015-2017,0.0,2015,2017,2016
Zambie,2016-2018,0.0,2016,2018,2017
Zambie,2017-2019,0.0,2017,2019,2018
Zimbabwe,2012-2014,0.0,2012,2014,2013
Zimbabwe,2013-2015,0.0,2013,2015,2014
Zimbabwe,2014-2016,0.0,2014,2016,2015
Zimbabwe,2015-2017,0.0,2015,2017,2016
Zimbabwe,2016-2018,0.0,2016,2018,2017
Zimbabwe,2017-2019,0.0,2017,2019,2018
